Hex	Rank	Emoji	Year	Category	Subcategory	Name
\x{1F602}	1	😂	2010	Smileys & Emotion	face-smiling	face with tears of joy
\x{2764 FE0F}	2	❤️	2010	Smileys & Emotion	emotion	red heart
\x{1F923}	3	🤣	2016	Smileys & Emotion	face-smiling	rolling on the floor laughing
\x{1F44D}	4	👍	2010	People & Body	hand-fingers-closed	thumbs up
\x{1F62D}	5	😭	2010	Smileys & Emotion	face-concerned	loudly crying face
\x{1F64F}	6	🙏	2010	People & Body	hands	folded hands
\x{1F618}	7	😘	2010	Smileys & Emotion	face-affection	face blowing a kiss
\x{1F970}	8	🥰	2018	Smileys & Emotion	face-affection	smiling face with hearts
\x{1F60D}	9	😍	2010	Smileys & Emotion	face-affection	smiling face with heart-eyes
\x{1F60A}	10	😊	2010	Smileys & Emotion	face-smiling	smiling face with smiling eyes
\x{1F389}	11	🎉	2010	Activities	event	party popper
\x{1F601}	12	😁	2010	Smileys & Emotion	face-smiling	beaming face with smiling eyes
\x{1F495}	13	💕	2010	Smileys & Emotion	emotion	two hearts
\x{1F97A}	14	🥺	2018	Smileys & Emotion	face-concerned	pleading face
\x{1F605}	15	😅	2010	Smileys & Emotion	face-smiling	grinning face with sweat
\x{1F525}	16	🔥	2010	Travel & Places	sky & weather	fire
\x{263A FE0F}	17	☺️	2010	Smileys & Emotion	face-affection	smiling face
\x{1F926}	18	🤦	2016	People & Body	person-gesture	person facepalming
\x{2665 FE0F}	19	♥️	2010	Activities	game	heart suit
\x{1F937}	20	🤷	2016	People & Body	person-gesture	person shrugging
\x{1F644}	21	🙄	2015	Smileys & Emotion	face-neutral-skeptical	face with rolling eyes
\x{1F606}	22	😆	2010	Smileys & Emotion	face-smiling	grinning squinting face
\x{1F917}	23	🤗	2015	Smileys & Emotion	face-hand	hugging face
\x{1F609}	24	😉	2010	Smileys & Emotion	face-smiling	winking face
\x{1F382}	25	🎂	2010	Food & Drink	food-sweet	birthday cake
\x{1F914}	26	🤔	2015	Smileys & Emotion	face-hand	thinking face
\x{1F44F}	27	👏	2010	People & Body	hands	clapping hands
\x{1F642}	28	🙂	2015	Smileys & Emotion	face-smiling	slightly smiling face
\x{1F633}	29	😳	2010	Smileys & Emotion	face-concerned	flushed face
\x{1F973}	30	🥳	2018	Smileys & Emotion	face-hat	partying face
\x{1F60E}	31	😎	2015	Smileys & Emotion	face-glasses	smiling face with sunglasses
\x{1F44C}	32	👌	2010	People & Body	hand-fingers-partial	OK hand
\x{1F49C}	33	💜	2010	Smileys & Emotion	emotion	purple heart
\x{1F614}	34	😔	2010	Smileys & Emotion	face-sleepy	pensive face
\x{1F4AA}	35	💪	2010	People & Body	body-parts	flexed biceps
\x{2728}	36	✨	2010	Activities	event	sparkles
\x{1F496}	37	💖	2010	Smileys & Emotion	emotion	sparkling heart
\x{1F440}	38	👀	2010	People & Body	body-parts	eyes
\x{1F60B}	39	😋	2010	Smileys & Emotion	face-tongue	face savoring food
\x{1F60F}	40	😏	2010	Smileys & Emotion	face-neutral-skeptical	smirking face
\x{1F622}	41	😢	2010	Smileys & Emotion	face-concerned	crying face
\x{1F449}	42	👉	2010	People & Body	hand-single-finger	backhand index pointing right
\x{1F497}	43	💗	2010	Smileys & Emotion	emotion	growing heart
\x{1F629}	44	😩	2010	Smileys & Emotion	face-concerned	weary face
\x{1F4AF}	45	💯	2010	Smileys & Emotion	emotion	hundred points
\x{1F339}	46	🌹	2010	Animals & Nature	plant-flower	rose
\x{1F49E}	47	💞	2010	Smileys & Emotion	emotion	revolving hearts
\x{1F388}	48	🎈	2010	Activities	event	balloon
\x{1F499}	49	💙	2010	Smileys & Emotion	emotion	blue heart
\x{1F603}	50	😃	2010	Smileys & Emotion	face-smiling	grinning face with big eyes
\x{1F621}	51	😡	2010	Smileys & Emotion	face-negative	pouting face
\x{1F490}	52	💐	2010	Animals & Nature	plant-flower	bouquet
\x{1F61C}	53	😜	2010	Smileys & Emotion	face-tongue	winking face with tongue
\x{1F648}	54	🙈	2010	Smileys & Emotion	monkey-face	see-no-evil monkey
\x{1F91E}	55	🤞	2016	People & Body	hand-fingers-partial	crossed fingers
\x{1F604}	56	😄	2010	Smileys & Emotion	face-smiling	grinning face with smiling eyes
\x{1F924}	57	🤤	2016	Smileys & Emotion	face-sleepy	drooling face
\x{1F64C}	58	🙌	2010	People & Body	hands	raising hands
\x{1F92A}	59	🤪	2017	Smileys & Emotion	face-tongue	zany face
\x{2763 FE0F}	60	❣️	2015	Smileys & Emotion	emotion	heart exclamation
\x{1F600}	61	😀	2015	Smileys & Emotion	face-smiling	grinning face
\x{1F48B}	62	💋	2010	Smileys & Emotion	emotion	kiss mark
\x{1F480}	63	💀	2010	Smileys & Emotion	face-negative	skull
\x{1F447}	64	👇	2010	People & Body	hand-single-finger	backhand index pointing down
\x{1F494}	65	💔	2010	Smileys & Emotion	emotion	broken heart
\x{1F60C}	66	😌	2010	Smileys & Emotion	face-sleepy	relieved face
\x{1F493}	67	💓	2010	Smileys & Emotion	emotion	beating heart
\x{1F929}	68	🤩	2017	Smileys & Emotion	face-affection	star-struck
\x{1F643}	69	🙃	2015	Smileys & Emotion	face-smiling	upside-down face
\x{1F62C}	70	😬	2015	Smileys & Emotion	face-neutral-skeptical	grimacing face
\x{1F631}	71	😱	2010	Smileys & Emotion	face-concerned	face screaming in fear
\x{1F634}	72	😴	2015	Smileys & Emotion	face-sleepy	sleeping face
\x{1F92D}	73	🤭	2017	Smileys & Emotion	face-hand	face with hand over mouth
\x{1F610}	74	😐	2014	Smileys & Emotion	face-neutral-skeptical	neutral face
\x{1F31E}	75	🌞	2015	Travel & Places	sky & weather	sun with face
\x{1F612}	76	😒	2010	Smileys & Emotion	face-neutral-skeptical	unamused face
\x{1F607}	77	😇	2015	Smileys & Emotion	face-smiling	smiling face with halo
\x{1F338}	78	🌸	2010	Animals & Nature	plant-flower	cherry blossom
\x{1F608}	79	😈	2015	Smileys & Emotion	face-negative	smiling face with horns
\x{1F3B6}	80	🎶	2010	Objects	music	musical notes
\x{270C FE0F}	81	✌️	2010	People & Body	hand-fingers-partial	victory hand
\x{1F38A}	82	🎊	2010	Activities	event	confetti ball
\x{1F975}	83	🥵	2018	Smileys & Emotion	face-unwell	hot face
\x{1F61E}	84	😞	2010	Smileys & Emotion	face-concerned	disappointed face
\x{1F49A}	85	💚	2010	Smileys & Emotion	emotion	green heart
\x{2600 FE0F}	86	☀️	2010	Travel & Places	sky & weather	sun
\x{1F5A4}	87	🖤	2016	Smileys & Emotion	emotion	black heart
\x{1F4B0}	88	💰	2010	Objects	money	money bag
\x{1F61A}	89	😚	2010	Smileys & Emotion	face-affection	kissing face with closed eyes
\x{1F451}	90	👑	2010	Objects	clothing	crown
\x{1F381}	91	🎁	2010	Activities	event	wrapped gift
\x{1F4A5}	92	💥	2010	Smileys & Emotion	emotion	collision
\x{1F64B}	93	🙋	2010	People & Body	person-gesture	person raising hand
\x{2639 FE0F}	94	☹️	2014	Smileys & Emotion	face-concerned	frowning face
\x{1F611}	95	😑	2015	Smileys & Emotion	face-neutral-skeptical	expressionless face
\x{1F974}	96	🥴	2018	Smileys & Emotion	face-unwell	woozy face
\x{1F448}	97	👈	2010	People & Body	hand-single-finger	backhand index pointing left
\x{1F4A9}	98	💩	2010	Smileys & Emotion	face-costume	pile of poo
\x{2705}	99	✅	2010	Symbols	other-symbol	check mark button
\x{1F44B}	100	👋	2010	People & Body	hand-fingers-open	waving hand
\x{1F92E}	101	🤮	2017	Smileys & Emotion	face-unwell	face vomiting
\x{1F624}	102	😤	2010	Smileys & Emotion	face-negative	face with steam from nose
\x{1F922}	103	🤢	2016	Smileys & Emotion	face-unwell	nauseated face
\x{1F31F}	104	🌟	2010	Travel & Places	sky & weather	glowing star
\x{2757}	105	❗	2010	Symbols	punctuation	red exclamation mark
\x{1F625}	106	😥	2010	Smileys & Emotion	face-concerned	sad but relieved face
\x{1F308}	107	🌈	2010	Travel & Places	sky & weather	rainbow
\x{1F49B}	108	💛	2010	Smileys & Emotion	emotion	yellow heart
\x{1F61D}	109	😝	2010	Smileys & Emotion	face-tongue	squinting face with tongue
\x{1F62B}	110	😫	2010	Smileys & Emotion	face-concerned	tired face
\x{1F632}	111	😲	2010	Smileys & Emotion	face-concerned	astonished face
\x{1F595}	112	🖕	2015	People & Body	hand-single-finger	middle finger
\x{203C FE0F}	113	‼️	2010	Symbols	punctuation	double exclamation mark
\x{1F534}	114	🔴	2010	Symbols	geometric	red circle
\x{1F33B}	115	🌻	2010	Animals & Nature	plant-flower	sunflower
\x{1F92F}	116	🤯	2017	Smileys & Emotion	face-unwell	exploding head
\x{1F483}	117	💃	2010	People & Body	person-activity	woman dancing
\x{1F44A}	118	👊	2010	People & Body	hand-fingers-closed	oncoming fist
\x{1F92C}	119	🤬	2017	Smileys & Emotion	face-negative	face with symbols on mouth
\x{1F3C3}	120	🏃	2010	People & Body	person-activity	person running
\x{1F615}	121	😕	2015	Smileys & Emotion	face-concerned	confused face
\x{1F441 FE0F}	122	👁️	2014	People & Body	body-parts	eye
\x{26A1}	123	⚡	2010	Travel & Places	sky & weather	high voltage
\x{2615}	124	☕	2010	Food & Drink	drink	hot beverage
\x{1F340}	125	🍀	2010	Animals & Nature	plant-other	four leaf clover
\x{1F4A6}	126	💦	2010	Smileys & Emotion	emotion	sweat droplets
\x{2B50}	127	⭐	2010	Travel & Places	sky & weather	star
\x{1F98B}	128	🦋	2016	Animals & Nature	animal-bug	butterfly
\x{1F928}	129	🤨	2017	Smileys & Emotion	face-neutral-skeptical	face with raised eyebrow
\x{1F33A}	130	🌺	2010	Animals & Nature	plant-flower	hibiscus
\x{1F639}	131	😹	2010	Smileys & Emotion	cat-face	cat with tears of joy
\x{1F918}	132	🤘	2015	People & Body	hand-fingers-partial	sign of the horns
\x{1F337}	133	🌷	2010	Animals & Nature	plant-flower	tulip
\x{1F49D}	134	💝	2010	Smileys & Emotion	emotion	heart with ribbon
\x{1F4A4}	135	💤	2010	Smileys & Emotion	emotion	zzz
\x{1F91D}	136	🤝	2016	People & Body	hands	handshake
\x{1F430}	137	🐰	2010	Animals & Nature	animal-mammal	rabbit face
\x{1F613}	138	😓	2010	Smileys & Emotion	face-concerned	downcast face with sweat
\x{1F498}	139	💘	2010	Smileys & Emotion	emotion	heart with arrow
\x{1F37B}	140	🍻	2010	Food & Drink	drink	clinking beer mugs
\x{1F61F}	141	😟	2015	Smileys & Emotion	face-concerned	worried face
\x{1F623}	142	😣	2010	Smileys & Emotion	face-concerned	persevering face
\x{1F9D0}	143	🧐	2017	Smileys & Emotion	face-glasses	face with monocle
\x{1F620}	144	😠	2010	Smileys & Emotion	face-negative	angry face
\x{1F920}	145	🤠	2016	Smileys & Emotion	face-hat	cowboy hat face
\x{1F63B}	146	😻	2010	Smileys & Emotion	cat-face	smiling cat with heart-eyes
\x{1F319}	147	🌙	2010	Travel & Places	sky & weather	crescent moon
\x{1F61B}	148	😛	2015	Smileys & Emotion	face-tongue	face with tongue
\x{1F919}	149	🤙	2016	People & Body	hand-fingers-partial	call me hand
\x{1F64A}	150	🙊	2010	Smileys & Emotion	monkey-face	speak-no-evil monkey
\x{1F9E1}	151	🧡	2017	Smileys & Emotion	emotion	orange heart
\x{1F921}	152	🤡	2016	Smileys & Emotion	face-costume	clown face
\x{1F92B}	153	🤫	2017	Smileys & Emotion	face-hand	shushing face
\x{1F33C}	154	🌼	2010	Animals & Nature	plant-flower	blossom
\x{1F942}	155	🥂	2016	Food & Drink	drink	clinking glasses
\x{1F637}	156	😷	2010	Smileys & Emotion	face-unwell	face with medical mask
\x{1F913}	157	🤓	2015	Smileys & Emotion	face-glasses	nerd face
\x{2620 FE0F}	158	☠️	2015	Smileys & Emotion	face-negative	skull and crossbones
\x{1F976}	159	🥶	2018	Smileys & Emotion	face-unwell	cold face
\x{1F636}	160	😶	2015	Smileys & Emotion	face-neutral-skeptical	face without mouth
\x{1F616}	161	😖	2010	Smileys & Emotion	face-concerned	confounded face
\x{1F3B5}	162	🎵	2010	Objects	music	musical note
\x{1F6B6}	163	🚶	2010	People & Body	person-activity	person walking
\x{1F619}	164	😙	2015	Smileys & Emotion	face-affection	kissing face with smiling eyes
\x{1F346}	165	🍆	2010	Food & Drink	food-vegetable	eggplant
\x{1F911}	166	🤑	2015	Smileys & Emotion	face-tongue	money-mouth face
\x{1F485}	167	💅	2010	People & Body	hand-prop	nail polish
\x{1F617}	168	😗	2015	Smileys & Emotion	face-affection	kissing face
\x{1F436}	169	🐶	2010	Animals & Nature	animal-mammal	dog face
\x{1F353}	170	🍓	2010	Food & Drink	food-fruit	strawberry
\x{270B}	171	✋	2010	People & Body	hand-fingers-open	raised hand
\x{1F445}	172	👅	2010	People & Body	body-parts	tongue
\x{1F444}	173	👄	2010	People & Body	body-parts	mouth
\x{1F33F}	174	🌿	2010	Animals & Nature	plant-other	herb
\x{1F6A8}	175	🚨	2010	Travel & Places	transport-ground	police car light
\x{27A1 FE0F}	176	➡️	2010	Symbols	arrow	right arrow
\x{1F4E3}	177	📣	2010	Objects	sound	megaphone
\x{1F91F}	178	🤟	2017	People & Body	hand-fingers-partial	love-you gesture
\x{1F351}	179	🍑	2010	Food & Drink	food-fruit	peach
\x{1F343}	180	🍃	2010	Animals & Nature	plant-other	leaf fluttering in wind
\x{1F62E}	181	😮	2015	Smileys & Emotion	face-concerned	face with open mouth
\x{1F48E}	182	💎	2010	Objects	clothing	gem stone
\x{1F4E2}	183	📢	2010	Objects	sound	loudspeaker
\x{1F331}	184	🌱	2010	Animals & Nature	plant-other	seedling
\x{26A0 FE0F}	185	⚠️	2010	Symbols	warning	warning
\x{1F641}	186	🙁	2015	Smileys & Emotion	face-concerned	slightly frowning face
\x{1F377}	187	🍷	2010	Food & Drink	drink	wine glass
\x{1F62A}	188	😪	2010	Smileys & Emotion	face-sleepy	sleepy face
\x{1F31A}	189	🌚	2015	Travel & Places	sky & weather	new moon face
\x{1F3C6}	190	🏆	2010	Activities	award-medal	trophy
\x{1F352}	191	🍒	2010	Food & Drink	food-fruit	cherries
\x{2714 FE0F}	192	✔️	2010	Symbols	other-symbol	check mark
\x{1F489}	193	💉	2010	Objects	medical	syringe
\x{274C}	194	❌	2010	Symbols	other-symbol	cross mark
\x{1F4A2}	195	💢	2010	Smileys & Emotion	emotion	anger symbol
\x{1F6D2}	196	🛒	2016	Objects	household	shopping cart
\x{1F638}	197	😸	2010	Smileys & Emotion	cat-face	grinning cat with smiling eyes
\x{1F43E}	198	🐾	2010	Animals & Nature	animal-mammal	paw prints
\x{1F44E}	199	👎	2010	People & Body	hand-fingers-closed	thumbs down
\x{1F680}	200	🚀	2010	Travel & Places	transport-air	rocket
\x{1F3AF}	201	🎯	2010	Activities	game	bullseye
\x{261D FE0F}	202	☝️	2010	People & Body	hand-single-finger	index pointing up
\x{1F37A}	203	🍺	2010	Food & Drink	drink	beer mug
\x{1F4CC}	204	📌	2010	Objects	office	pushpin
\x{1F4F7}	205	📷	2010	Objects	light & video	camera
\x{1F647}	206	🙇	2010	People & Body	person-gesture	person bowing
\x{1F4A8}	207	💨	2010	Smileys & Emotion	emotion	dashing away
\x{1F355}	208	🍕	2010	Food & Drink	food-prepared	pizza
\x{1F3E0}	209	🏠	2010	Travel & Places	place-building	house
\x{1F4F8}	210	📸	2015	Objects	light & video	camera with flash
\x{1F407}	211	🐇	2015	Animals & Nature	animal-mammal	rabbit
\x{1F6A9}	212	🚩	2010	Flags	flag	triangular flag
\x{1F630}	213	😰	2010	Smileys & Emotion	face-concerned	anxious face with sweat
\x{1F476}	214	👶	2010	People & Body	person	baby
\x{1F30A}	215	🌊	2010	Travel & Places	sky & weather	water wave
\x{1F415}	216	🐕	2014	Animals & Nature	animal-mammal	dog
\x{1F4AB}	217	💫	2010	Smileys & Emotion	emotion	dizzy
\x{1F635}	218	😵	2010	Smileys & Emotion	face-unwell	knocked-out face
\x{1F3A4}	219	🎤	2010	Objects	music	microphone
\x{1F3E1}	220	🏡	2010	Travel & Places	place-building	house with garden
\x{1F940}	221	🥀	2016	Animals & Nature	plant-flower	wilted flower
\x{1F927}	222	🤧	2016	Smileys & Emotion	face-unwell	sneezing face
\x{1F37E}	223	🍾	2015	Food & Drink	drink	bottle with popping cork
\x{1F370}	224	🍰	2010	Food & Drink	food-sweet	shortcake
\x{1F341}	225	🍁	2010	Animals & Nature	plant-other	maple leaf
\x{1F932}	226	🤲	2017	People & Body	hands	palms up together
\x{2B07 FE0F}	227	⬇️	2010	Symbols	arrow	down arrow
\x{1F446}	228	👆	2010	People & Body	hand-single-finger	backhand index pointing up
\x{1F62F}	229	😯	2015	Smileys & Emotion	face-concerned	hushed face
\x{270A}	230	✊	2010	People & Body	hand-fingers-closed	raised fist
\x{1F48C}	231	💌	2010	Smileys & Emotion	emotion	love letter
\x{2744 FE0F}	232	❄️	2010	Travel & Places	sky & weather	snowflake
\x{1F4B8}	233	💸	2010	Objects	money	money with wings
\x{1F9C1}	234	🧁	2018	Food & Drink	food-sweet	cupcake
\x{26BD}	235	⚽	2010	Activities	sport	soccer ball
\x{1F1FA 1F1F8}	236	🇺🇸	2010	Flags	country-flag	flag: United States
\x{2753}	237	❓	2010	Symbols	punctuation	red question mark
\x{1F57A}	238	🕺	2016	People & Body	person-activity	man dancing
\x{2049 FE0F}	239	⁉️	2010	Symbols	punctuation	exclamation question mark
\x{1F63A}	240	😺	2010	Smileys & Emotion	cat-face	grinning cat
\x{1F4A7}	241	💧	2010	Travel & Places	sky & weather	droplet
\x{1F4A3}	242	💣	2010	Smileys & Emotion	emotion	bomb
\x{1F910}	243	🤐	2015	Smileys & Emotion	face-neutral-skeptical	zipper-mouth face
\x{1F34E}	244	🍎	2010	Food & Drink	food-fruit	red apple
\x{1F437}	245	🐷	2010	Animals & Nature	animal-mammal	pig face
\x{1F425}	246	🐥	2010	Animals & Nature	animal-bird	front-facing baby chick
\x{1F481}	247	💁	2010	People & Body	person-gesture	person tipping hand
\x{1F4CD}	248	📍	2010	Objects	office	round pushpin
\x{1F380}	249	🎀	2010	Activities	event	ribbon
\x{1F645}	250	🙅	2010	People & Body	person-gesture	person gesturing NO
\x{1F947}	251	🥇	2016	Activities	award-medal	1st place medal
\x{1F31D}	252	🌝	2015	Travel & Places	sky & weather	full moon face
\x{1F52B}	253	🔫	2010	Objects	tool	water pistol
\x{260E FE0F}	254	☎️	2010	Objects	phone	telephone
\x{1F431}	255	🐱	2010	Animals & Nature	animal-mammal	cat face
\x{1F423}	256	🐣	2010	Animals & Nature	animal-bird	hatching chick
\x{271D FE0F}	257	✝️	2014	Symbols	religion	latin cross
\x{1F3A7}	258	🎧	2010	Objects	music	headphone
\x{1F49F}	259	💟	2010	Smileys & Emotion	emotion	heart decoration
\x{1F479}	260	👹	2010	Smileys & Emotion	face-costume	ogre
\x{1F48D}	261	💍	2010	Objects	clothing	ring
\x{1F37C}	262	🍼	2015	Food & Drink	drink	baby bottle
\x{1F590 FE0F}	263	🖐️	2014	People & Body	hand-fingers-open	hand with fingers splayed
\x{1F4A1}	264	💡	2010	Objects	light & video	light bulb
\x{1F63D}	265	😽	2010	Smileys & Emotion	cat-face	kissing cat
\x{1F34A}	266	🍊	2010	Food & Drink	food-fruit	tangerine
\x{1F628}	267	😨	2010	Smileys & Emotion	face-concerned	fearful face
\x{1F36B}	268	🍫	2010	Food & Drink	food-sweet	chocolate bar
\x{1F9E2}	269	🧢	2017	Objects	clothing	billed cap
\x{1F915}	270	🤕	2015	Smileys & Emotion	face-unwell	face with head-bandage
\x{2618 FE0F}	271	☘️	2015	Animals & Nature	plant-other	shamrock
\x{1F6AB}	272	🚫	2010	Symbols	warning	prohibited
\x{1F3BC}	273	🎼	2010	Objects	music	musical score
\x{1F43B}	274	🐻	2010	Animals & Nature	animal-mammal	bear
\x{1F4F2}	275	📲	2010	Objects	phone	mobile phone with arrow
\x{1F47B}	276	👻	2010	Smileys & Emotion	face-costume	ghost
\x{1F5E3 FE0F}	277	🗣️	2014	People & Body	person-symbol	speaking head
\x{1F47F}	278	👿	2010	Smileys & Emotion	face-negative	angry face with horns
\x{1F9DA}	279	🧚	2017	People & Body	person-fantasy	fairy
\x{1F32E}	280	🌮	2015	Food & Drink	food-prepared	taco
\x{1F36D}	281	🍭	2010	Food & Drink	food-sweet	lollipop
\x{1F41F}	282	🐟	2010	Animals & Nature	animal-marine	fish
\x{1F438}	283	🐸	2010	Animals & Nature	animal-amphibian	frog
\x{1F41D}	284	🐝	2010	Animals & Nature	animal-bug	honeybee
\x{1F408}	285	🐈	2014	Animals & Nature	animal-mammal	cat
\x{1F535}	286	🔵	2010	Symbols	geometric	blue circle
\x{1F327 FE0F}	287	🌧️	2014	Travel & Places	sky & weather	cloud with rain
\x{1F52A}	288	🔪	2010	Food & Drink	dishware	kitchen knife
\x{1F627}	289	😧	2015	Smileys & Emotion	face-concerned	anguished face
\x{1F304}	290	🌄	2010	Travel & Places	place-other	sunrise over mountains
\x{1F63E}	291	😾	2010	Smileys & Emotion	cat-face	pouting cat
\x{2708 FE0F}	292	✈️	2010	Travel & Places	transport-air	airplane
\x{1F938}	293	🤸	2016	People & Body	person-sport	person cartwheeling
\x{1F4F1}	294	📱	2010	Objects	phone	mobile phone
\x{1F347}	295	🍇	2010	Food & Drink	food-fruit	grapes
\x{1F334}	296	🌴	2010	Animals & Nature	plant-other	palm tree
\x{1F422}	297	🐢	2010	Animals & Nature	animal-reptile	turtle
\x{1F303}	298	🌃	2010	Travel & Places	place-other	night with stars
\x{1F47D}	299	👽	2010	Smileys & Emotion	face-costume	alien
\x{1F34C}	300	🍌	2010	Food & Drink	food-fruit	banana
\x{1F4FA}	301	📺	2010	Objects	light & video	television
\x{1F450}	302	👐	2010	People & Body	hands	open hands
\x{23F0}	303	⏰	2010	Travel & Places	time	alarm clock
\x{1F514}	304	🔔	2010	Objects	sound	bell
\x{1F305}	305	🌅	2010	Travel & Places	place-other	sunrise
\x{1F984}	306	🦄	2015	Animals & Nature	animal-mammal	unicorn
\x{2B55}	307	⭕	2010	Symbols	other-symbol	hollow red circle
\x{1F3A5}	308	🎥	2010	Objects	light & video	movie camera
\x{25B6 FE0F}	309	▶️	2010	Symbols	av-symbol	play button
\x{1F34B}	310	🍋	2015	Food & Drink	food-fruit	lemon
\x{1F95A}	311	🥚	2016	Food & Drink	food-prepared	egg
\x{1F4B2}	312	💲	2010	Symbols	currency	heavy dollar sign
\x{1F4DA}	313	📚	2010	Objects	book-paper	books
\x{1F414}	314	🐔	2010	Animals & Nature	animal-bird	chicken
\x{1F3B8}	315	🎸	2010	Objects	musical-instrument	guitar
\x{1F943}	316	🥃	2016	Food & Drink	drink	tumbler glass
\x{1F63F}	317	😿	2010	Smileys & Emotion	cat-face	crying cat
\x{1F697}	318	🚗	2010	Travel & Places	transport-ground	automobile
\x{1F30E}	319	🌎	2014	Travel & Places	place-map	globe showing Americas
\x{1F54A FE0F}	320	🕊️	2014	Animals & Nature	animal-bird	dove
\x{1F50A}	321	🔊	2010	Objects	sound	speaker high volume
\x{1F985}	322	🦅	2016	Animals & Nature	animal-bird	eagle
\x{1F6BF}	323	🚿	2015	Objects	household	shower
\x{1F986}	324	🦆	2016	Animals & Nature	animal-bird	duck
\x{1F349}	325	🍉	2010	Food & Drink	food-fruit	watermelon
\x{1F36C}	326	🍬	2010	Food & Drink	food-sweet	candy
\x{1F9F8}	327	🧸	2018	Activities	game	teddy bear
\x{270D FE0F}	328	✍️	2014	People & Body	hand-prop	writing hand
\x{1F368}	329	🍨	2010	Food & Drink	food-sweet	ice cream
\x{1F4DD}	330	📝	2010	Objects	writing	memo
\x{1F91A}	331	🤚	2016	People & Body	hand-fingers-open	raised back of hand
\x{1F4E9}	332	📩	2010	Objects	mail	envelope with arrow
\x{1F4B5}	333	💵	2010	Objects	money	dollar banknote
\x{1F47C}	334	👼	2010	People & Body	person-fantasy	baby angel
\x{1F4AD}	335	💭	2015	Smileys & Emotion	emotion	thought balloon
\x{1F30D}	336	🌍	2014	Travel & Places	place-map	globe showing Europe-Africa
\x{2B05 FE0F}	337	⬅️	2010	Symbols	arrow	left arrow
\x{26AB}	338	⚫	2010	Symbols	geometric	black circle
\x{1F467}	339	👧	2010	People & Body	person	girl
\x{1F3F5 FE0F}	340	🏵️	2014	Animals & Nature	plant-flower	rosette
\x{1F91C}	341	🤜	2016	People & Body	hand-fingers-closed	right-facing fist
\x{1F37F}	342	🍿	2015	Food & Drink	food-prepared	popcorn
\x{1F9FF}	343	🧿	2018	Activities	game	nazar amulet
\x{1F3C0}	344	🏀	2010	Activities	sport	basketball
\x{1F34F}	345	🍏	2010	Food & Drink	food-fruit	green apple
\x{1F333}	346	🌳	2015	Animals & Nature	plant-other	deciduous tree
\x{1F649}	347	🙉	2010	Smileys & Emotion	monkey-face	hear-no-evil monkey
\x{1F626}	348	😦	2015	Smileys & Emotion	face-concerned	frowning face with open mouth
\x{26BE}	349	⚾	2010	Activities	sport	baseball
\x{1F930}	350	🤰	2016	People & Body	person-role	pregnant woman
\x{1F379}	351	🍹	2010	Food & Drink	drink	tropical drink
\x{1F366}	352	🍦	2010	Food & Drink	food-sweet	soft ice cream
\x{1F6D1}	353	🛑	2016	Travel & Places	transport-ground	stop sign
\x{1F9D8}	354	🧘	2017	People & Body	person-resting	person in lotus position
\x{1F354}	355	🍔	2010	Food & Drink	food-prepared	hamburger
\x{1F3D6 FE0F}	356	🏖️	2014	Travel & Places	place-geographic	beach with umbrella
\x{1F342}	357	🍂	2010	Animals & Nature	plant-other	fallen leaf
\x{1F412}	358	🐒	2010	Animals & Nature	animal-mammal	monkey
\x{1F36A}	359	🍪	2010	Food & Drink	food-sweet	cookie
\x{1F640}	360	🙀	2010	Smileys & Emotion	cat-face	weary cat
\x{1F357}	361	🍗	2010	Food & Drink	food-prepared	poultry leg
\x{1F320}	362	🌠	2010	Travel & Places	sky & weather	shooting star
\x{1F3AC}	363	🎬	2010	Objects	light & video	clapper board
\x{1F335}	364	🌵	2010	Animals & Nature	plant-other	cactus
\x{1F344}	365	🍄	2010	Food & Drink	food-vegetable	mushroom
\x{1F410}	366	🐐	2015	Animals & Nature	animal-mammal	goat
\x{1F369}	367	🍩	2010	Food & Drink	food-sweet	doughnut
\x{1F981}	368	🦁	2015	Animals & Nature	animal-mammal	lion
\x{1F646}	369	🙆	2010	People & Body	person-gesture	person gesturing OK
\x{1F4DE}	370	📞	2010	Objects	phone	telephone receiver
\x{1F478}	371	👸	2010	People & Body	person-role	princess
\x{1F345}	372	🍅	2010	Food & Drink	food-fruit	tomato
\x{1F40D}	373	🐍	2010	Animals & Nature	animal-reptile	snake
\x{1F466}	374	👦	2010	People & Body	person	boy
\x{1F4AC}	375	💬	2010	Smileys & Emotion	emotion	speech balloon
\x{1F964}	376	🥤	2017	Food & Drink	drink	cup with straw
\x{1F3F3 FE0F 200D 1F308}	377	🏳️‍🌈	2016	Flags	flag	rainbow flag
\x{1F63C}	378	😼	2010	Smileys & Emotion	cat-face	cat with wry smile
\x{1F33E}	379	🌾	2010	Animals & Nature	plant-other	sheaf of rice
\x{1F9C0}	380	🧀	2015	Food & Drink	food-prepared	cheese wedge
\x{2601 FE0F}	381	☁️	2010	Travel & Places	sky & weather	cloud
\x{1F3AE}	382	🎮	2010	Activities	game	video game
\x{1F9E0}	383	🧠	2017	People & Body	body-parts	brain
\x{2614}	384	☔	2010	Travel & Places	sky & weather	umbrella with rain drops
\x{1F30F}	385	🌏	2010	Travel & Places	place-map	globe showing Asia-Australia
\x{1F6CC}	386	🛌	2015	People & Body	person-resting	person in bed
\x{1F51D}	387	🔝	2010	Symbols	arrow	TOP arrow
\x{1F309}	388	🌉	2010	Travel & Places	place-other	bridge at night
\x{1F91B}	389	🤛	2016	People & Body	hand-fingers-closed	left-facing fist
\x{1F912}	390	🤒	2015	Smileys & Emotion	face-unwell	face with thermometer
\x{1F457}	391	👗	2010	Objects	clothing	dress
\x{26AA}	392	⚪	2010	Symbols	geometric	white circle
\x{1F332}	393	🌲	2015	Animals & Nature	plant-other	evergreen tree
\x{2611 FE0F}	394	☑️	2010	Symbols	other-symbol	check box with check
\x{1F35C}	395	🍜	2010	Food & Drink	food-asian	steaming bowl
\x{1F426}	396	🐦	2010	Animals & Nature	animal-bird	bird
\x{1F36F}	397	🍯	2010	Food & Drink	food-sweet	honey pot
\x{1F46E}	398	👮	2010	People & Body	person-role	police officer
\x{1F3C5}	399	🏅	2015	Activities	award-medal	sports medal
\x{1F43C}	400	🐼	2010	Animals & Nature	animal-mammal	panda
\x{1F484}	401	💄	2010	Objects	clothing	lipstick
\x{1F47A}	402	👺	2010	Smileys & Emotion	face-costume	goblin
\x{1F51E}	403	🔞	2010	Symbols	warning	no one under eighteen
\x{1F386}	404	🎆	2010	Activities	event	fireworks
\x{1F3A8}	405	🎨	2010	Activities	arts & crafts	artist palette
\x{1F1E7 1F1F7}	406	🇧🇷	2015	Flags	country-flag	flag: Brazil
\x{1F35E}	407	🍞	2010	Food & Drink	food-prepared	bread
\x{1F387}	408	🎇	2010	Activities	event	sparkler
\x{1F99C}	409	🦜	2018	Animals & Nature	animal-bird	parrot
\x{1F411}	410	🐑	2010	Animals & Nature	animal-mammal	ewe
\x{1F419}	411	🐙	2010	Animals & Nature	animal-marine	octopus
\x{1F98D}	412	🦍	2016	Animals & Nature	animal-mammal	gorilla
\x{1F1FA 1F1F2}	413	🇺🇲	2015	Flags	country-flag	flag: U.S. Outlying Islands
\x{1F517}	414	🔗	2010	Objects	tool	link
\x{1F4D6}	415	📖	2010	Objects	book-paper	open book
\x{267B FE0F}	416	♻️	2010	Symbols	other-symbol	recycling symbol
\x{1F539}	417	🔹	2010	Symbols	geometric	small blue diamond
\x{1F953}	418	🥓	2016	Food & Drink	food-prepared	bacon
\x{1F952}	419	🥒	2016	Food & Drink	food-vegetable	cucumber
\x{1F378}	420	🍸	2010	Food & Drink	drink	cocktail glass
\x{1F967}	421	🥧	2017	Food & Drink	food-sweet	pie
\x{2668 FE0F}	422	♨️	2010	Travel & Places	place-other	hot springs
\x{1F4BB}	423	💻	2010	Objects	computer	laptop
\x{1F416}	424	🐖	2015	Animals & Nature	animal-mammal	pig
\x{2694 FE0F}	425	⚔️	2015	Objects	tool	crossed swords
\x{1F4C8}	426	📈	2010	Objects	office	chart increasing
\x{26F1 FE0F}	427	⛱️	2014	Travel & Places	sky & weather	umbrella on ground
\x{1F48A}	428	💊	2010	Objects	medical	pill
\x{1F469}	429	👩	2010	People & Body	person	woman
\x{1F300}	430	🌀	2010	Travel & Places	sky & weather	cyclone
\x{1F486}	431	💆	2010	People & Body	person-activity	person getting massage
\x{1F969}	432	🥩	2017	Food & Drink	food-prepared	cut of meat
\x{1F384}	433	🎄	2010	Activities	event	Christmas tree
\x{1F33D}	434	🌽	2010	Food & Drink	food-vegetable	ear of corn
\x{1F925}	435	🤥	2016	Smileys & Emotion	face-neutral-skeptical	lying face
\x{1F3D8 FE0F}	436	🏘️	2014	Travel & Places	place-building	houses
\x{1F40E}	437	🐎	2010	Animals & Nature	animal-mammal	horse
\x{1F198}	438	🆘	2010	Symbols	alphanum	SOS button
\x{1F1EE 1F1F3}	439	🇮🇳	2015	Flags	country-flag	flag: India
\x{31 FE0F 20E3}	440	1️⃣	2010	Symbols	keycap	keycap: 1
\x{1F56F FE0F}	441	🕯️	2014	Objects	light & video	candle
\x{1F1E8 1F1E6}	442	🇨🇦	2015	Flags	country-flag	flag: Canada
\x{1F48F}	443	💏	2010	People & Body	family	kiss
\x{1F955}	444	🥕	2016	Food & Drink	food-vegetable	carrot
\x{1F5D1 FE0F}	445	🗑️	2014	Objects	office	wastebasket
\x{1F52E}	446	🔮	2010	Activities	game	crystal ball
\x{1F980}	447	🦀	2015	Food & Drink	food-marine	crab
\x{1F420}	448	🐠	2010	Animals & Nature	animal-marine	tropical fish
\x{1F31B}	449	🌛	2010	Travel & Places	sky & weather	first quarter moon face
\x{1F460}	450	👠	2010	Objects	clothing	high-heeled shoe
\x{262E FE0F}	451	☮️	2015	Symbols	religion	peace symbol
\x{1F413}	452	🐓	2015	Animals & Nature	animal-bird	rooster
\x{1F94A}	453	🥊	2016	Activities	sport	boxing glove
\x{1F1F9 1F1F7}	454	🇹🇷	2015	Flags	country-flag	flag: Turkey
\x{1F6D0}	455	🛐	2015	Symbols	religion	place of worship
\x{1F6AC}	456	🚬	2010	Objects	other-object	cigarette
\x{1F530}	457	🔰	2010	Symbols	other-symbol	Japanese symbol for beginner
\x{1F31C}	458	🌜	2014	Travel & Places	sky & weather	last quarter moon face
\x{1F374}	459	🍴	2010	Food & Drink	dishware	fork and knife
\x{1F954}	460	🥔	2016	Food & Drink	food-vegetable	potato
\x{1F393}	461	🎓	2010	Objects	clothing	graduation cap
\x{1F459}	462	👙	2010	Objects	clothing	bikini
\x{1F5FF}	463	🗿	2010	Objects	other-object	moai
\x{1F951}	464	🥑	2016	Food & Drink	food-vegetable	avocado
\x{1F46F}	465	👯	2010	People & Body	person-activity	people with bunny ears
\x{1F34D}	466	🍍	2010	Food & Drink	food-fruit	pineapple
\x{26FD}	467	⛽	2010	Travel & Places	transport-ground	fuel pump
\x{1F3C1}	468	🏁	2010	Flags	flag	chequered flag
\x{1F442}	469	👂	2010	People & Body	body-parts	ear
\x{1F98A}	470	🦊	2016	Animals & Nature	animal-mammal	fox
\x{1F443}	471	👃	2010	People & Body	body-parts	nose
\x{1F996}	472	🦖	2017	Animals & Nature	animal-reptile	T-Rex
\x{1F434}	473	🐴	2010	Animals & Nature	animal-mammal	horse face
\x{2709 FE0F}	474	✉️	2010	Objects	mail	envelope
\x{1F383}	475	🎃	2010	Activities	event	jack-o-lantern
\x{1F336 FE0F}	476	🌶️	2014	Food & Drink	food-vegetable	hot pepper
\x{1F9A0}	477	🦠	2018	Animals & Nature	animal-bug	microbe
\x{1F315}	478	🌕	2010	Travel & Places	sky & weather	full moon
\x{1F4E6}	479	📦	2010	Objects	mail	package
\x{1F30C}	480	🌌	2010	Travel & Places	sky & weather	milky way
\x{26F3}	481	⛳	2010	Activities	sport	flag in hole
\x{1F367}	482	🍧	2010	Food & Drink	food-sweet	shaved ice
\x{1F35F}	483	🍟	2010	Food & Drink	food-prepared	french fries
\x{26B0 FE0F}	484	⚰️	2015	Objects	other-object	coffin
\x{1F3B9}	485	🎹	2010	Objects	musical-instrument	musical keyboard
\x{1F43F FE0F}	486	🐿️	2014	Animals & Nature	animal-mammal	chipmunk
\x{1F1F2 1F1FD}	487	🇲🇽	2015	Flags	country-flag	flag: Mexico
\x{1F95E}	488	🥞	2016	Food & Drink	food-prepared	pancakes
\x{32 FE0F 20E3}	489	2️⃣	2010	Symbols	keycap	keycap: 2
\x{1F463}	490	👣	2010	People & Body	person-symbol	footprints
\x{1F37D FE0F}	491	🍽️	2014	Food & Drink	dishware	fork and knife with plate
\x{1F95C}	492	🥜	2016	Food & Drink	food-vegetable	peanuts
\x{1F573 FE0F}	493	🕳️	2014	Smileys & Emotion	emotion	hole
\x{1F361}	494	🍡	2010	Food & Drink	food-asian	dango
\x{2935 FE0F}	495	⤵️	2010	Symbols	arrow	right arrow curving down
\x{1F9B7}	496	🦷	2018	People & Body	body-parts	tooth
\x{1F6B4}	497	🚴	2015	People & Body	person-sport	person biking
\x{1F35D}	498	🍝	2010	Food & Drink	food-asian	spaghetti
\x{1F3BB}	499	🎻	2010	Objects	musical-instrument	violin
\x{1F40A}	500	🐊	2015	Animals & Nature	animal-reptile	crocodile
\x{1F356}	501	🍖	2010	Food & Drink	food-prepared	meat on bone
\x{1F43A}	502	🐺	2010	Animals & Nature	animal-mammal	wolf
\x{1F43D}	503	🐽	2010	Animals & Nature	animal-mammal	pig nose
\x{1F6AE}	504	🚮	2015	Symbols	transport-sign	litter in bin sign
\x{1F375}	505	🍵	2010	Food & Drink	drink	teacup without handle
\x{1F32D}	506	🌭	2015	Food & Drink	food-prepared	hot dog
\x{1F404}	507	🐄	2015	Animals & Nature	animal-mammal	cow
\x{2B06 FE0F}	508	⬆️	2010	Symbols	arrow	up arrow
\x{1F941}	509	🥁	2016	Objects	musical-instrument	drum
\x{1F373}	510	🍳	2010	Food & Drink	food-prepared	cooking
\x{1F46B}	511	👫	2010	People & Body	family	woman and man holding hands
\x{231A}	512	⌚	2010	Travel & Places	time	watch
\x{2666 FE0F}	513	♦️	2010	Activities	game	diamond suit
\x{1F506}	514	🔆	2015	Symbols	av-symbol	bright button
\x{1F433}	515	🐳	2010	Animals & Nature	animal-marine	spouting whale
\x{1F32F}	516	🌯	2015	Food & Drink	food-prepared	burrito
\x{1F9B4}	517	🦴	2018	People & Body	body-parts	bone
\x{1F96A}	518	🥪	2017	Food & Drink	food-prepared	sandwich
\x{1F983}	519	🦃	2015	Animals & Nature	animal-bird	turkey
\x{1F3A3}	520	🎣	2010	Activities	sport	fishing pole
\x{1F53B}	521	🔻	2010	Symbols	geometric	red triangle pointed down
\x{1F400}	522	🐀	2015	Animals & Nature	animal-mammal	rat
\x{1F42C}	523	🐬	2010	Animals & Nature	animal-marine	dolphin
\x{1F35A}	524	🍚	2010	Food & Drink	food-asian	cooked rice
\x{1F916}	525	🤖	2015	Smileys & Emotion	face-costume	robot
\x{1F427}	526	🐧	2010	Animals & Nature	animal-bird	penguin
\x{1F988}	527	🦈	2016	Animals & Nature	animal-marine	shark
\x{1F3C4}	528	🏄	2010	People & Body	person-sport	person surfing
\x{1F3CB FE0F}	529	🏋️	2014	People & Body	person-sport	person lifting weights
\x{1F3C8}	530	🏈	2010	Activities	sport	american football
\x{1F9EC}	531	🧬	2018	Objects	science	dna
\x{1F310}	532	🌐	2015	Travel & Places	place-map	globe with meridians
\x{1F50D}	533	🔍	2010	Objects	light & video	magnifying glass tilted left
\x{2604 FE0F}	534	☄️	2015	Travel & Places	sky & weather	comet
\x{1F4F4}	535	📴	2010	Symbols	av-symbol	mobile phone off
\x{1F966}	536	🥦	2017	Food & Drink	food-vegetable	broccoli
\x{1F42F}	537	🐯	2010	Animals & Nature	animal-mammal	tiger face
\x{1F170 FE0F}	538	🅰️	2010	Symbols	alphanum	A button (blood type)
\x{267E FE0F}	539	♾️	2018	Symbols	math	infinity
\x{1F4EE}	540	📮	2010	Objects	mail	postbox
\x{1F95B}	541	🥛	2016	Food & Drink	drink	glass of milk
\x{1F96D}	542	🥭	2018	Food & Drink	food-fruit	mango
\x{1F596}	543	🖖	2015	People & Body	hand-fingers-open	vulcan salute
\x{1F41B}	544	🐛	2010	Animals & Nature	animal-bug	bug
\x{1F99E}	545	🦞	2018	Food & Drink	food-marine	lobster
\x{1F1EE 1F1F9}	546	🇮🇹	2010	Flags	country-flag	flag: Italy
\x{1F424}	547	🐤	2010	Animals & Nature	animal-bird	baby chick
\x{1F9DF}	548	🧟	2017	People & Body	person-fantasy	zombie
\x{1F364}	549	🍤	2010	Food & Drink	food-asian	fried shrimp
\x{1F990}	550	🦐	2016	Food & Drink	food-marine	shrimp
\x{1F3AD}	551	🎭	2010	Activities	arts & crafts	performing arts
\x{1F41E}	552	🐞	2010	Animals & Nature	animal-bug	lady beetle
\x{1F435}	553	🐵	2010	Animals & Nature	animal-mammal	monkey face
\x{1F363}	554	🍣	2010	Food & Drink	food-asian	sushi
\x{1F957}	555	🥗	2016	Food & Drink	food-prepared	green salad
\x{2702 FE0F}	556	✂️	2010	Objects	office	scissors
\x{1F194}	557	🆔	2010	Symbols	alphanum	ID button
\x{1F511}	558	🔑	2010	Objects	lock	key
\x{1F474}	559	👴	2010	People & Body	person	old man
\x{1F934}	560	🤴	2016	People & Body	person-role	prince
\x{1F5E1 FE0F}	561	🗡️	2014	Objects	tool	dagger
\x{1F475}	562	👵	2010	People & Body	person	old woman
\x{1F933}	563	🤳	2016	People & Body	hand-prop	selfie
\x{1F9E8}	564	🧨	2018	Activities	event	firecracker
\x{2B1B}	565	⬛	2010	Symbols	geometric	black large square
\x{1F464}	566	👤	2010	People & Body	person-symbol	bust in silhouette
\x{1F3A9}	567	🎩	2010	Objects	clothing	top hat
\x{1F519}	568	🔙	2010	Symbols	arrow	BACK arrow
\x{1F96B}	569	🥫	2017	Food & Drink	food-prepared	canned food
\x{1F3DE FE0F}	570	🏞️	2014	Travel & Places	place-geographic	national park
\x{1F195}	571	🆕	2010	Symbols	alphanum	NEW button
\x{1F950}	572	🥐	2016	Food & Drink	food-prepared	croissant
\x{1F470}	573	👰	2010	People & Body	person-role	person with veil
\x{2660 FE0F}	574	♠️	2010	Activities	game	spade suit
\x{1F32C FE0F}	575	🌬️	2014	Travel & Places	sky & weather	wind face
\x{1F4B3}	576	💳	2010	Objects	money	credit card
\x{1F328 FE0F}	577	🌨️	2014	Travel & Places	sky & weather	cloud with snow
\x{1F577 FE0F}	578	🕷️	2014	Animals & Nature	animal-bug	spider
\x{1F1EF 1F1F5}	579	🇯🇵	2010	Flags	country-flag	flag: Japan
\x{1F41A}	580	🐚	2010	Animals & Nature	animal-marine	spiral shell
\x{1F306}	581	🌆	2010	Travel & Places	place-other	cityscape at dusk
\x{2693}	582	⚓	2010	Travel & Places	transport-water	anchor
\x{1F197}	583	🆗	2010	Symbols	alphanum	OK button
\x{1F1EC 1F1E7}	584	🇬🇧	2010	Flags	country-flag	flag: United Kingdom
\x{1F931}	585	🤱	2017	People & Body	person-role	breast-feeding
\x{1F46D}	586	👭	2015	People & Body	family	women holding hands
\x{1F987}	587	🦇	2016	Animals & Nature	animal-mammal	bat
\x{2716 FE0F}	588	✖️	2010	Symbols	math	multiply
\x{1F468}	589	👨	2010	People & Body	person	man
\x{1F575 FE0F}	590	🕵️	2014	People & Body	person-role	detective
\x{1F997}	591	🦗	2017	Animals & Nature	animal-bug	cricket
\x{1F469 200D 2764 FE0F 200D 1F48B 200D 1F468}	592	👩‍❤️‍💋‍👨	2015	People & Body	family	kiss: woman, man
\x{1F995}	593	🦕	2017	Animals & Nature	animal-reptile	sauropod
\x{1F3F9}	594	🏹	2015	Objects	tool	bow and arrow
\x{1F42E}	595	🐮	2010	Animals & Nature	animal-mammal	cow face
\x{1F6B2}	596	🚲	2010	Travel & Places	transport-ground	bicycle
\x{1F491}	597	💑	2010	People & Body	family	couple with heart
\x{1F6CF FE0F}	598	🛏️	2014	Objects	household	bed
\x{1F3CC FE0F}	599	🏌️	2014	People & Body	person-sport	person golfing
\x{1F692}	600	🚒	2010	Travel & Places	transport-ground	fire engine
\x{1F98E}	601	🦎	2016	Animals & Nature	animal-reptile	lizard
\x{1F989}	602	🦉	2016	Animals & Nature	animal-bird	owl
\x{1F402}	603	🐂	2015	Animals & Nature	animal-mammal	ox
\x{1F348}	604	🍈	2010	Food & Drink	food-fruit	melon
\x{1F6AD}	605	🚭	2010	Symbols	warning	no smoking
\x{1F418}	606	🐘	2010	Animals & Nature	animal-mammal	elephant
\x{1F699}	607	🚙	2010	Travel & Places	transport-ground	sport utility vehicle
\x{1F528}	608	🔨	2010	Objects	tool	hammer
\x{270F FE0F}	609	✏️	2010	Objects	writing	pencil
\x{23E9}	610	⏩	2010	Symbols	av-symbol	fast-forward button
\x{1F399 FE0F}	611	🎙️	2014	Objects	music	studio microphone
\x{1F4C4}	612	📄	2010	Objects	book-paper	page facing up
\x{1F94E}	613	🥎	2018	Activities	sport	softball
\x{1F512}	614	🔒	2010	Objects	lock	locked
\x{1F171 FE0F}	615	🅱️	2010	Symbols	alphanum	B button (blood type)
\x{1F3B1}	616	🎱	2010	Activities	game	pool 8 ball
\x{33 FE0F 20E3}	617	3️⃣	2010	Symbols	keycap	keycap: 3
\x{1F32A FE0F}	618	🌪️	2014	Travel & Places	sky & weather	tornado
\x{1F9B5}	619	🦵	2018	People & Body	body-parts	leg
\x{1F3CA}	620	🏊	2010	People & Body	person-sport	person swimming
\x{1F6F5}	621	🛵	2016	Travel & Places	transport-ground	motor scooter
\x{1F576 FE0F}	622	🕶️	2014	Objects	clothing	sunglasses
\x{1F50E}	623	🔎	2010	Objects	light & video	magnifying glass tilted right
\x{1F45F}	624	👟	2010	Objects	clothing	running shoe
\x{1F192}	625	🆒	2010	Symbols	alphanum	COOL button
\x{3030 FE0F}	626	〰️	2010	Symbols	punctuation	wavy dash
\x{1F531}	627	🔱	2010	Symbols	other-symbol	trident emblem
\x{1F98C}	628	🦌	2016	Animals & Nature	animal-mammal	deer
\x{1F948}	629	🥈	2016	Activities	award-medal	2nd place medal
\x{1F69A}	630	🚚	2010	Travel & Places	transport-ground	delivery truck
\x{2648}	631	♈	2010	Symbols	zodiac	Aries
\x{1F41C}	632	🐜	2010	Animals & Nature	animal-bug	ant
\x{1F3B2}	633	🎲	2010	Activities	game	game die
\x{1F4A0}	634	💠	2010	Symbols	geometric	diamond with a dot
\x{1F95D}	635	🥝	2016	Food & Drink	food-fruit	kiwi fruit
\x{1F9B6}	636	🦶	2018	People & Body	body-parts	foot
\x{1F47E}	637	👾	2010	Smileys & Emotion	face-costume	alien monster
\x{1F4AE}	638	💮	2010	Animals & Nature	plant-flower	white flower
\x{1F991}	639	🦑	2016	Food & Drink	food-marine	squid
\x{1F53A}	640	🔺	2010	Symbols	geometric	red triangle pointed up
\x{1F401}	641	🐁	2015	Animals & Nature	animal-mammal	mouse
\x{26C8 FE0F}	642	⛈️	2014	Travel & Places	sky & weather	cloud with lightning and rain
\x{1F40C}	643	🐌	2010	Animals & Nature	animal-bug	snail
\x{1F537}	644	🔷	2010	Symbols	geometric	large blue diamond
\x{1F456}	645	👖	2010	Objects	clothing	jeans
\x{1F6CD FE0F}	646	🛍️	2014	Objects	clothing	shopping bags
\x{1F492}	647	💒	2010	Travel & Places	place-building	wedding
\x{1F409}	648	🐉	2015	Animals & Nature	animal-reptile	dragon
\x{1F38D}	649	🎍	2010	Activities	event	pine decoration
\x{1F5DD FE0F}	650	🗝️	2014	Objects	lock	old key
\x{1F455}	651	👕	2010	Objects	clothing	t-shirt
\x{1F6BD}	652	🚽	2010	Objects	household	toilet
\x{1F365}	653	🍥	2010	Food & Drink	food-asian	fish cake with swirl
\x{1F350}	654	🍐	2015	Food & Drink	food-fruit	pear
\x{1F3EB}	655	🏫	2010	Travel & Places	place-building	school
\x{1F682}	656	🚂	2015	Travel & Places	transport-ground	locomotive
\x{1F510}	657	🔐	2010	Objects	lock	locked with key
\x{26C4}	658	⛄	2010	Travel & Places	sky & weather	snowman without snow
\x{2603 FE0F}	659	☃️	2014	Travel & Places	sky & weather	snowman
\x{2602 FE0F}	660	☂️	2014	Travel & Places	sky & weather	umbrella
\x{23F3}	661	⏳	2010	Travel & Places	time	hourglass not done
\x{26C5}	662	⛅	2010	Travel & Places	sky & weather	sun behind cloud
\x{1F51C}	663	🔜	2010	Symbols	arrow	SOON arrow
\x{1F963}	664	🥣	2017	Food & Drink	food-prepared	bowl with spoon
\x{1F38B}	665	🎋	2010	Activities	event	tanabata tree
\x{1F536}	666	🔶	2010	Symbols	geometric	large orange diamond
\x{1F538}	667	🔸	2010	Symbols	geometric	small orange diamond
\x{26D4}	668	⛔	2010	Symbols	warning	no entry
\x{30 FE0F 20E3}	669	0️⃣	2010	Symbols	keycap	keycap: 0
\x{1F9B8}	670	🦸	2018	People & Body	person-fantasy	superhero
\x{1F4FB}	671	📻	2010	Objects	music	radio
\x{1F1E6 1F1F7}	672	🇦🇷	2015	Flags	country-flag	flag: Argentina
\x{1F453}	673	👓	2010	Objects	clothing	glasses
\x{1F949}	674	🥉	2016	Activities	award-medal	3rd place medal
\x{1F405}	675	🐅	2015	Animals & Nature	animal-mammal	tiger
\x{1F4CA}	676	📊	2010	Objects	office	bar chart
\x{1F99D}	677	🦝	2018	Animals & Nature	animal-mammal	raccoon
\x{1F6AA}	678	🚪	2010	Objects	household	door
\x{1F698}	679	🚘	2014	Travel & Places	transport-ground	oncoming automobile
\x{1F471}	680	👱	2010	People & Body	person	person: blond hair
\x{2663 FE0F}	681	♣️	2010	Activities	game	club suit
\x{1F321 FE0F}	682	🌡️	2014	Travel & Places	sky & weather	thermometer
\x{1F9DC}	683	🧜	2017	People & Body	person-fantasy	merperson
\x{1F3E5}	684	🏥	2010	Travel & Places	place-building	hospital
\x{26F5}	685	⛵	2010	Travel & Places	transport-water	sailboat
\x{1F54B}	686	🕋	2015	Travel & Places	place-religious	kaaba
\x{1F4F0}	687	📰	2010	Objects	book-paper	newspaper
\x{1F487}	688	💇	2010	People & Body	person-activity	person getting haircut
\x{1F1E9 1F1EA}	689	🇩🇪	2010	Flags	country-flag	flag: Germany
\x{1F96C}	690	🥬	2018	Food & Drink	food-vegetable	leafy green
\x{1F428}	691	🐨	2010	Animals & Nature	animal-mammal	koala
\x{1F9F9}	692	🧹	2018	Objects	household	broom
\x{1F465}	693	👥	2015	People & Body	person-symbol	busts in silhouette
\x{1F1F0 1F1F7}	694	🇰🇷	2010	Flags	country-flag	flag: South Korea
\x{2B1C}	695	⬜	2010	Symbols	geometric	white large square
\x{1F4C6}	696	📆	2010	Objects	office	tear-off calendar
\x{1F956}	697	🥖	2016	Food & Drink	food-prepared	baguette bread
\x{1F429}	698	🐩	2010	Animals & Nature	animal-mammal	poodle
\x{1F93A}	699	🤺	2016	People & Body	person-sport	person fencing
\x{1F6C1}	700	🛁	2015	Objects	household	bathtub
\x{231B}	701	⌛	2010	Travel & Places	time	hourglass done
\x{1F53D}	702	🔽	2010	Symbols	av-symbol	downwards button
\x{1F549 FE0F}	703	🕉️	2014	Symbols	religion	om
\x{1F372}	704	🍲	2010	Food & Drink	food-prepared	pot of food
\x{1F998}	705	🦘	2018	Animals & Nature	animal-mammal	kangaroo
\x{1F965}	706	🥥	2017	Food & Drink	food-fruit	coconut
\x{1F6C0}	707	🛀	2010	People & Body	person-resting	person taking bath
\x{1F3CD FE0F}	708	🏍️	2014	Travel & Places	transport-ground	motorcycle
\x{1F5BC FE0F}	709	🖼️	2014	Activities	arts & crafts	framed picture
\x{1F4C5}	710	📅	2010	Objects	office	calendar
\x{1F4FF}	711	📿	2015	Objects	clothing	prayer beads
\x{1F55B}	712	🕛	2010	Travel & Places	time	twelve o’clock
\x{25AA FE0F}	713	▪️	2010	Symbols	geometric	black small square
\x{1F311}	714	🌑	2010	Travel & Places	sky & weather	new moon
\x{1F69B}	715	🚛	2015	Travel & Places	transport-ground	articulated lorry
\x{1F9FA}	716	🧺	2018	Objects	household	basket
\x{1F3CE FE0F}	717	🏎️	2014	Travel & Places	transport-ground	racing car
\x{1F4E1}	718	📡	2010	Objects	science	satellite antenna
\x{1F42D}	719	🐭	2010	Animals & Nature	animal-mammal	mouse face
\x{1F5FD}	720	🗽	2010	Travel & Places	place-building	Statue of Liberty
\x{1F193}	721	🆓	2010	Symbols	alphanum	FREE button
\x{1F3BE}	722	🎾	2010	Activities	sport	tennis
\x{1F1EB 1F1F7}	723	🇫🇷	2010	Flags	country-flag	flag: France
\x{1F3D0}	724	🏐	2015	Activities	sport	volleyball
\x{1F392}	725	🎒	2010	Objects	clothing	backpack
\x{1F19A}	726	🆚	2010	Symbols	alphanum	VS button
\x{1F30B}	727	🌋	2010	Travel & Places	place-geographic	volcano
\x{1F4C9}	728	📉	2010	Objects	office	chart decreasing
\x{1F469 200D 2764 FE0F 200D 1F468}	729	👩‍❤️‍👨	2015	People & Body	family	couple with heart: woman, man
\x{1F3D2}	730	🏒	2015	Activities	sport	ice hockey
\x{1F3D4 FE0F}	731	🏔️	2014	Travel & Places	place-geographic	snow-capped mountain
\x{1F550}	732	🕐	2010	Travel & Places	time	one o’clock
\x{1F999}	733	🦙	2018	Animals & Nature	animal-mammal	llama
\x{1F9D9}	734	🧙	2017	People & Body	person-fantasy	mage
\x{1F99F}	735	🦟	2018	Animals & Nature	animal-bug	mosquito
\x{1F0CF}	736	🃏	2010	Activities	game	joker
\x{1F6A2}	737	🚢	2010	Travel & Places	transport-water	ship
\x{1F64D}	738	🙍	2010	People & Body	person-gesture	person frowning
\x{1F4D5}	739	📕	2010	Objects	book-paper	closed book
\x{1F46C}	740	👬	2015	People & Body	family	men holding hands
\x{1F406}	741	🐆	2015	Animals & Nature	animal-mammal	leopard
\x{1F51B}	742	🔛	2010	Symbols	arrow	ON! arrow
\x{2755}	743	❕	2010	Symbols	punctuation	white exclamation mark
\x{1F452}	744	👒	2010	Objects	clothing	woman’s hat
\x{1F42A}	745	🐪	2015	Animals & Nature	animal-mammal	camel
\x{1F95F}	746	🥟	2017	Food & Drink	food-asian	dumpling
\x{2696 FE0F}	747	⚖️	2015	Objects	tool	balance scale
\x{1F9FC}	748	🧼	2018	Objects	household	soap
\x{1F376}	749	🍶	2010	Food & Drink	drink	sake
\x{1F1E8 1F1F4}	750	🇨🇴	2015	Flags	country-flag	flag: Colombia
\x{2197 FE0F}	751	↗️	2010	Symbols	arrow	up-right arrow
\x{1F3AA}	752	🎪	2010	Travel & Places	place-other	circus tent
\x{1F454}	753	👔	2010	Objects	clothing	necktie
\x{1F1E8 1F1F3}	754	🇨🇳	2010	Flags	country-flag	flag: China
\x{34 FE0F 20E3}	755	4️⃣	2010	Symbols	keycap	keycap: 4
\x{1F4CE}	756	📎	2010	Objects	office	paperclip
\x{1F99A}	757	🦚	2018	Animals & Nature	animal-bird	peacock
\x{1F360}	758	🍠	2010	Food & Drink	food-asian	roasted sweet potato
\x{1F968}	759	🥨	2017	Food & Drink	food-prepared	pretzel
\x{269C FE0F}	760	⚜️	2015	Symbols	other-symbol	fleur-de-lis
\x{1F36E}	761	🍮	2010	Food & Drink	food-sweet	custard
\x{1F397 FE0F}	762	🎗️	2014	Activities	event	reminder ribbon
\x{1F3E9}	763	🏩	2010	Travel & Places	place-building	love hotel
\x{1F403}	764	🐃	2015	Animals & Nature	animal-mammal	water buffalo
\x{1F505}	765	🔅	2015	Symbols	av-symbol	dim button
\x{1F1EA 1F1F8}	766	🇪🇸	2010	Flags	country-flag	flag: Spain
\x{1F3F0}	767	🏰	2010	Travel & Places	place-building	castle
\x{35 FE0F 20E3}	768	5️⃣	2010	Symbols	keycap	keycap: 5
\x{1F4EC}	769	📬	2014	Objects	mail	open mailbox with raised flag
\x{2795}	770	➕	2010	Symbols	math	plus
\x{1F58C FE0F}	771	🖌️	2014	Objects	writing	paintbrush
\x{1F6E1 FE0F}	772	🛡️	2014	Objects	tool	shield
\x{1F469 200D 2764 FE0F 200D 1F48B 200D 1F469}	773	👩‍❤️‍💋‍👩	2015	People & Body	family	kiss: woman, woman
\x{1F4DB}	774	📛	2010	Symbols	other-symbol	name badge
\x{1F40F}	775	🐏	2015	Animals & Nature	animal-mammal	ram
\x{1F3BA}	776	🎺	2010	Objects	musical-instrument	trumpet
\x{1F54C}	777	🕌	2015	Travel & Places	place-religious	mosque
\x{1F40B}	778	🐋	2015	Animals & Nature	animal-marine	whale
\x{1F94B}	779	🥋	2016	Activities	sport	martial arts uniform
\x{1F432}	780	🐲	2010	Animals & Nature	animal-reptile	dragon face
\x{274E}	781	❎	2010	Symbols	other-symbol	cross mark button
\x{1F3AB}	782	🎫	2010	Activities	event	ticket
\x{1F4E8}	783	📨	2010	Objects	mail	incoming envelope
\x{26EA}	784	⛪	2010	Travel & Places	place-religious	church
\x{1F992}	785	🦒	2017	Animals & Nature	animal-mammal	giraffe
\x{1F3A1}	786	🎡	2010	Travel & Places	place-other	ferris wheel
\x{1F9F1}	787	🧱	2018	Travel & Places	place-building	brick
\x{1F3B7}	788	🎷	2010	Objects	musical-instrument	saxophone
\x{1F691}	789	🚑	2010	Travel & Places	transport-ground	ambulance
\x{1F3DD FE0F}	790	🏝️	2014	Travel & Places	place-geographic	desert island
\x{1F693}	791	🚓	2010	Travel & Places	transport-ground	police car
\x{1F683}	792	🚃	2010	Travel & Places	transport-ground	railway car
\x{1F3C7}	793	🏇	2015	People & Body	person-sport	horse racing
\x{1F307}	794	🌇	2010	Travel & Places	place-other	sunset
\x{1F64E}	795	🙎	2010	People & Body	person-gesture	person pouting
\x{1F68C}	796	🚌	2010	Travel & Places	transport-ground	bus
\x{1F4B6}	797	💶	2015	Objects	money	euro banknote
\x{1F69C}	798	🚜	2015	Travel & Places	transport-ground	tractor
\x{1F330}	799	🌰	2010	Food & Drink	food-vegetable	chestnut
\x{1F35B}	800	🍛	2010	Food & Drink	food-asian	curry rice
\x{1F4B4}	801	💴	2010	Objects	money	yen banknote
\x{1F45B}	802	👛	2010	Objects	clothing	purse
\x{1F9D3}	803	🧓	2017	People & Body	person	older person
\x{1F97E}	804	🥾	2018	Objects	clothing	hiking boot
\x{1F42B}	805	🐫	2010	Animals & Nature	animal-mammal	two-hump camel
\x{1F962}	806	🥢	2017	Food & Drink	dishware	chopsticks
\x{1F9E4}	807	🧤	2017	Objects	clothing	gloves
\x{1F694}	808	🚔	2014	Travel & Places	transport-ground	oncoming police car
\x{1F3B0}	809	🎰	2010	Activities	game	slot machine
\x{1F9D4}	810	🧔	2017	People & Body	person	person: beard
\x{1F96F}	811	🥯	2018	Food & Drink	food-prepared	bagel
\x{2796}	812	➖	2010	Symbols	math	minus
\x{1F439}	813	🐹	2010	Animals & Nature	animal-mammal	hamster
\x{1F4FD FE0F}	814	📽️	2014	Objects	light & video	film projector
\x{1F982}	815	🦂	2015	Animals & Nature	animal-bug	scorpion
\x{1F518}	816	🔘	2010	Symbols	geometric	radio button
\x{1F504}	817	🔄	2015	Symbols	arrow	counterclockwise arrows button
\x{1F4E5}	818	📥	2010	Objects	mail	inbox tray
\x{1F4F9}	819	📹	2010	Objects	light & video	video camera
\x{1F6EB}	820	🛫	2015	Travel & Places	transport-air	airplane departure
\x{1F4CF}	821	📏	2010	Objects	office	straight ruler
\x{1F1EE 1F1F1}	822	🇮🇱	2015	Flags	country-flag	flag: Israel
\x{1F3A0}	823	🎠	2010	Travel & Places	place-other	carousel horse
\x{1F199}	824	🆙	2010	Symbols	alphanum	UP! button
\x{1F488}	825	💈	2010	Travel & Places	place-other	barber pole
\x{1F516}	826	🔖	2010	Objects	book-paper	bookmark
\x{1F1E6 1F1FA}	827	🇦🇺	2015	Flags	country-flag	flag: Australia
\x{1F1EA 1F1EC}	828	🇪🇬	2015	Flags	country-flag	flag: Egypt
\x{1F371}	829	🍱	2010	Food & Drink	food-asian	bento box
\x{1F55C}	830	🕜	2014	Travel & Places	time	one-thirty
\x{1F3D5 FE0F}	831	🏕️	2014	Travel & Places	place-geographic	camping
\x{1F362}	832	🍢	2010	Food & Drink	food-asian	oden
\x{1F3E2}	833	🏢	2010	Travel & Places	place-building	office building
\x{1F50C}	834	🔌	2010	Objects	computer	electric plug
\x{1F994}	835	🦔	2017	Animals & Nature	animal-mammal	hedgehog
\x{1F3F4 200D 2620 FE0F}	836	🏴‍☠️	2018	Flags	flag	pirate flag
\x{1F6F8}	837	🛸	2017	Travel & Places	transport-air	flying saucer
\x{1F574 FE0F}	838	🕴️	2014	People & Body	person-activity	person in suit levitating
\x{1F935}	839	🤵	2016	People & Body	person-role	person in tuxedo
\x{1F45E}	840	👞	2010	Objects	clothing	man’s shoe
\x{1F50B}	841	🔋	2010	Objects	computer	battery
\x{1F3DC FE0F}	842	🏜️	2014	Travel & Places	place-geographic	desert
\x{26D3 FE0F}	843	⛓️	2014	Objects	tool	chains
\x{26CF FE0F}	844	⛏️	2014	Objects	tool	pick
\x{1F1E6 1F1EA}	845	🇦🇪	2015	Flags	country-flag	flag: United Arab Emirates
\x{1F1E8 1F1F1}	846	🇨🇱	2015	Flags	country-flag	flag: Chile
\x{25FE}	847	◾	2010	Symbols	geometric	black medium-small square
\x{23EF FE0F}	848	⏯️	2015	Symbols	av-symbol	play or pause button
\x{1F45C}	849	👜	2010	Objects	clothing	handbag
\x{1F1F5 1F1F0}	850	🇵🇰	2015	Flags	country-flag	flag: Pakistan
\x{1F1FB 1F1EA}	851	🇻🇪	2015	Flags	country-flag	flag: Venezuela
\x{1F5D3 FE0F}	852	🗓️	2014	Objects	office	spiral calendar
\x{1F6A7}	853	🚧	2010	Travel & Places	transport-ground	construction
\x{264B}	854	♋	2010	Symbols	zodiac	Cancer
\x{1F3EE}	855	🏮	2010	Objects	light & video	red paper lantern
\x{1F421}	856	🐡	2010	Animals & Nature	animal-marine	blowfish
\x{1F458}	857	👘	2010	Objects	clothing	kimono
\x{1F6F9}	858	🛹	2018	Travel & Places	transport-ground	skateboard
\x{1F1F5 1F1F8}	859	🇵🇸	2015	Flags	country-flag	flag: Palestinian Territories
\x{2649}	860	♉	2010	Symbols	zodiac	Taurus
\x{1F6A6}	861	🚦	2015	Travel & Places	transport-ground	vertical traffic light
\x{1F9E9}	862	🧩	2018	Activities	game	puzzle piece
\x{1F6BA}	863	🚺	2010	Symbols	transport-sign	women’s room
\x{1F944}	864	🥄	2016	Food & Drink	dishware	spoon
\x{1F9DB}	865	🧛	2017	People & Body	person-fantasy	vampire
\x{1F5FB}	866	🗻	2010	Travel & Places	place-geographic	mount fuji
\x{2650}	867	♐	2010	Symbols	zodiac	Sagittarius
\x{1F9B9}	868	🦹	2018	People & Body	person-fantasy	supervillain
\x{1F1F5 1F1ED}	869	🇵🇭	2015	Flags	country-flag	flag: Philippines
\x{2734 FE0F}	870	✴️	2010	Symbols	other-symbol	eight-pointed star
\x{1F3E8}	871	🏨	2010	Travel & Places	place-building	hotel
\x{2747 FE0F}	872	❇️	2010	Symbols	other-symbol	sparkle
\x{1F3C9}	873	🏉	2015	Activities	sport	rugby football
\x{1F99B}	874	🦛	2018	Animals & Nature	animal-mammal	hippopotamus
\x{1F6E3 FE0F}	875	🛣️	2014	Travel & Places	transport-ground	motorway
\x{1F578 FE0F}	876	🕸️	2014	Animals & Nature	animal-bug	spider web
\x{1F39F FE0F}	877	🎟️	2014	Activities	event	admission tickets
\x{1F4BC}	878	💼	2010	Objects	office	briefcase
\x{1F6F4}	879	🛴	2016	Travel & Places	transport-ground	kick scooter
\x{1F4D8}	880	📘	2010	Objects	book-paper	blue book
\x{1F9E6}	881	🧦	2017	Objects	clothing	socks
\x{1F958}	882	🥘	2016	Food & Drink	food-prepared	shallow pan of food
\x{1F1F5 1F1F7}	883	🇵🇷	2015	Flags	country-flag	flag: Puerto Rico
\x{1F939}	884	🤹	2016	People & Body	person-sport	person juggling
\x{264A}	885	♊	2010	Symbols	zodiac	Gemini
\x{1F324 FE0F}	886	🌤️	2014	Travel & Places	sky & weather	sun behind small cloud
\x{1F681}	887	🚁	2015	Travel & Places	transport-air	helicopter
\x{1F513}	888	🔓	2010	Objects	lock	unlocked
\x{1F3F4}	889	🏴	2015	Flags	flag	black flag
\x{1F4BF}	890	💿	2010	Objects	computer	optical disk
\x{1F993}	891	🦓	2017	Animals & Nature	animal-mammal	zebra
\x{1F4DC}	892	📜	2010	Objects	book-paper	scroll
\x{1F477}	893	👷	2010	People & Body	person-role	construction worker
\x{1F1F8 1F1E6}	894	🇸🇦	2015	Flags	country-flag	flag: Saudi Arabia
\x{26F9 FE0F}	895	⛹️	2014	People & Body	person-sport	person bouncing ball
\x{1F6A3}	896	🚣	2015	People & Body	person-sport	person rowing boat
\x{1F469 200D 1F4BB}	897	👩‍💻	2016	People & Body	person-role	woman technologist
\x{2199 FE0F}	898	↙️	2010	Symbols	arrow	down-left arrow
\x{26F7 FE0F}	899	⛷️	2014	People & Body	person-sport	skier
\x{1F9D6}	900	🧖	2017	People & Body	person-activity	person in steamy room
\x{1F473}	901	👳	2010	People & Body	person-role	person wearing turban
\x{1F38E}	902	🎎	2010	Activities	event	Japanese dolls
\x{3297 FE0F}	903	㊗️	2010	Symbols	alphanum	Japanese “congratulations” button
\x{1F6B9}	904	🚹	2010	Symbols	transport-sign	men’s room
\x{3299 FE0F}	905	㊙️	2010	Symbols	alphanum	Japanese “secret” button
\x{1F469 200D 1F373}	906	👩‍🍳	2016	People & Body	person-role	woman cook
\x{26FA}	907	⛺	2010	Travel & Places	place-other	tent
\x{2198 FE0F}	908	↘️	2010	Symbols	arrow	down-right arrow
\x{1F5DE FE0F}	909	🗞️	2014	Objects	book-paper	rolled-up newspaper
\x{1F17E FE0F}	910	🅾️	2010	Symbols	alphanum	O button (blood type)
\x{1F385}	911	🎅	2010	People & Body	person-fantasy	Santa Claus
\x{1F9C2}	912	🧂	2018	Food & Drink	food-prepared	salt
\x{37 FE0F 20E3}	913	7️⃣	2010	Symbols	keycap	keycap: 7
\x{1F1F5 1F1EA}	914	🇵🇪	2015	Flags	country-flag	flag: Peru
\x{1F690}	915	🚐	2015	Travel & Places	transport-ground	minibus
\x{1F1EE 1F1E9}	916	🇮🇩	2015	Flags	country-flag	flag: Indonesia
\x{1F5A5 FE0F}	917	🖥️	2014	Objects	computer	desktop computer
\x{2692 FE0F}	918	⚒️	2015	Objects	tool	hammer and pick
\x{1F3CF}	919	🏏	2015	Activities	sport	cricket game
\x{1F4C0}	920	📀	2010	Objects	computer	dvd
\x{1F390}	921	🎐	2010	Activities	event	wind chime
\x{1F9A2}	922	🦢	2018	Animals & Nature	animal-bird	swan
\x{1F314}	923	🌔	2010	Travel & Places	sky & weather	waxing gibbous moon
\x{36 FE0F 20E3}	924	6️⃣	2010	Symbols	keycap	keycap: 6
\x{1F1E6 1F1F9}	925	🇦🇹	2015	Flags	country-flag	flag: Austria
\x{1F5FC}	926	🗼	2010	Travel & Places	place-building	Tokyo tower
\x{262F FE0F}	927	☯️	2014	Symbols	religion	yin yang
\x{1F312}	928	🌒	2015	Travel & Places	sky & weather	waxing crescent moon
\x{1F9DE}	929	🧞	2017	People & Body	person-fantasy	genie
\x{1F552}	930	🕒	2010	Travel & Places	time	three o’clock
\x{1F3B3}	931	🎳	2010	Activities	sport	bowling
\x{1F3A2}	932	🎢	2010	Travel & Places	place-other	roller coaster
\x{1F51F}	933	🔟	2010	Symbols	keycap	keycap: 10
\x{2194 FE0F}	934	↔️	2010	Symbols	arrow	left-right arrow
\x{1F468 200D 1F373}	935	👨‍🍳	2016	People & Body	person-role	man cook
\x{23EC}	936	⏬	2010	Symbols	av-symbol	fast down button
\x{1F9F5}	937	🧵	2018	Activities	arts & crafts	thread
\x{1F6B5}	938	🚵	2015	People & Body	person-sport	person mountain biking
\x{1F9D2}	939	🧒	2017	People & Body	person	child
\x{24C2 FE0F}	940	Ⓜ️	2010	Symbols	alphanum	circled M
\x{264C}	941	♌	2010	Symbols	zodiac	Leo
\x{1F469 200D 1F393}	942	👩‍🎓	2016	People & Body	person-role	woman student
\x{1F9EA}	943	🧪	2018	Objects	science	test tube
\x{1F695}	944	🚕	2010	Travel & Places	transport-ground	taxi
\x{1F3F3 FE0F}	945	🏳️	2014	Flags	flag	white flag
\x{1F1F9 1F1ED}	946	🇹🇭	2015	Flags	country-flag	flag: Thailand
\x{1F1FF 1F1E6}	947	🇿🇦	2015	Flags	country-flag	flag: South Africa
\x{2733 FE0F}	948	✳️	2010	Symbols	other-symbol	eight-spoked asterisk
\x{1F9FD}	949	🧽	2018	Objects	household	sponge
\x{1F468 200D 2764 FE0F 200D 1F48B 200D 1F468}	950	👨‍❤️‍💋‍👨	2015	People & Body	family	kiss: man, man
\x{26F2}	951	⛲	2010	Travel & Places	place-other	fountain
\x{1F3E6}	952	🏦	2010	Travel & Places	place-building	bank
\x{1F1F8 1F1EA}	953	🇸🇪	2015	Flags	country-flag	flag: Sweden
\x{2622 FE0F}	954	☢️	2015	Symbols	warning	radioactive
\x{1F45A}	955	👚	2010	Objects	clothing	woman’s clothes
\x{1F4CB}	956	📋	2010	Objects	office	clipboard
\x{1F329 FE0F}	957	🌩️	2014	Travel & Places	sky & weather	cloud with lightning
\x{2652}	958	♒	2010	Symbols	zodiac	Aquarius
\x{1F318}	959	🌘	2015	Travel & Places	sky & weather	waning crescent moon
\x{1F417}	960	🐗	2010	Animals & Nature	animal-mammal	boar
\x{1F4E0}	961	📠	2010	Objects	phone	fax machine
\x{1F5F3 FE0F}	962	🗳️	2014	Objects	mail	ballot box with ballot
\x{1F93C}	963	🤼	2016	People & Body	person-sport	people wrestling
\x{303D FE0F}	964	〽️	2010	Symbols	other-symbol	part alternation mark
\x{1F469 200D 2695 FE0F}	965	👩‍⚕️	2016	People & Body	person-role	woman health worker
\x{1F1F7 1F1FA}	966	🇷🇺	2010	Flags	country-flag	flag: Russia
\x{264F}	967	♏	2010	Symbols	zodiac	Scorpio
\x{26F0 FE0F}	968	⛰️	2014	Travel & Places	place-geographic	mountain
\x{1F9F3}	969	🧳	2018	Travel & Places	hotel	luggage
\x{1F9F6}	970	🧶	2018	Activities	arts & crafts	yarn
\x{1F4E7}	971	📧	2010	Objects	mail	e-mail
\x{1F3C2}	972	🏂	2010	People & Body	person-sport	snowboarder
\x{1F1F5 1F1F9}	973	🇵🇹	2015	Flags	country-flag	flag: Portugal
\x{1F462}	974	👢	2010	Objects	clothing	woman’s boot
\x{1F945}	975	🥅	2016	Activities	sport	goal net
\x{1F359}	976	🍙	2010	Food & Drink	food-asian	rice ball
\x{1F17F FE0F}	977	🅿️	2010	Symbols	alphanum	P button
\x{264E}	978	♎	2010	Symbols	zodiac	Libra
\x{1F52F}	979	🔯	2010	Symbols	religion	dotted six-pointed star
\x{1F469 200D 2764 FE0F 200D 1F469}	980	👩‍❤️‍👩	2015	People & Body	family	couple with heart: woman, woman
\x{1F93E}	981	🤾	2016	People & Body	person-sport	person playing handball
\x{1F6CB FE0F}	982	🛋️	2014	Objects	household	couch and lamp
\x{1F1F3 1F1EC}	983	🇳🇬	2015	Flags	country-flag	flag: Nigeria
\x{264D}	984	♍	2010	Symbols	zodiac	Virgo
\x{1F1F5 1F1F1}	985	🇵🇱	2015	Flags	country-flag	flag: Poland
\x{1F4EF}	986	📯	2015	Objects	sound	postal horn
\x{25C0 FE0F}	987	◀️	2010	Symbols	av-symbol	reverse button
\x{1F1E9 1F1FF}	988	🇩🇿	2015	Flags	country-flag	flag: Algeria
\x{1F313}	989	🌓	2010	Travel & Places	sky & weather	first quarter moon
\x{1F9FB}	990	🧻	2018	Objects	household	roll of paper
\x{1F1EE 1F1EA}	991	🇮🇪	2015	Flags	country-flag	flag: Ireland
\x{1F501}	992	🔁	2015	Symbols	av-symbol	repeat button
\x{39 FE0F 20E3}	993	9️⃣	2010	Symbols	keycap	keycap: 9
\x{1F3BD}	994	🎽	2010	Activities	sport	running shirt
\x{1F9E3}	995	🧣	2017	Objects	clothing	scarf
\x{1F468 200D 1F4BB}	996	👨‍💻	2016	People & Body	person-role	man technologist
\x{1F9D7}	997	🧗	2017	People & Body	person-activity	person climbing
\x{1F3B4}	998	🎴	2010	Activities	game	flower playing cards
\x{1F1F2 1F1E6}	999	🇲🇦	2015	Flags	country-flag	flag: Morocco
\x{2653}	1000	♓	2010	Symbols	zodiac	Pisces
\x{1F4D7}	1001	📗	2010	Objects	book-paper	green book
\x{262A FE0F}	1002	☪️	2014	Symbols	religion	star and crescent
\x{2712 FE0F}	1003	✒️	2010	Objects	writing	black nib
\x{1F46A}	1004	👪	2010	People & Body	family	family
\x{2754}	1005	❔	2010	Symbols	punctuation	white question mark
\x{1F51A}	1006	🔚	2010	Symbols	arrow	END arrow
\x{38 FE0F 20E3}	1007	8️⃣	2010	Symbols	keycap	keycap: 8
\x{1F4D9}	1008	📙	2010	Objects	book-paper	orange book
\x{2721 FE0F}	1009	✡️	2014	Symbols	religion	star of David
\x{1F9D5}	1010	🧕	2017	People & Body	person-role	woman with headscarf
\x{1F3D3}	1011	🏓	2015	Activities	sport	ping pong
\x{25AB FE0F}	1012	▫️	2010	Symbols	geometric	white small square
\x{2934 FE0F}	1013	⤴️	2010	Symbols	arrow	right arrow curving up
\x{2699 FE0F}	1014	⚙️	2015	Objects	tool	gear
\x{1F9F2}	1015	🧲	2018	Objects	tool	magnet
\x{1F4B9}	1016	💹	2010	Objects	money	chart increasing with yen
\x{1F4B7}	1017	💷	2015	Objects	money	pound banknote
\x{25FD}	1018	◽	2010	Symbols	geometric	white medium-small square
\x{1F4C3}	1019	📃	2010	Objects	book-paper	page with curl
\x{1F3E7}	1020	🏧	2010	Symbols	transport-sign	ATM sign
\x{1F1F1 1F1F7}	1021	🇱🇷	2015	Flags	country-flag	flag: Liberia
\x{1F959}	1022	🥙	2016	Food & Drink	food-prepared	stuffed flatbread
\x{27B0}	1023	➰	2010	Symbols	other-symbol	curly loop
\x{1F316}	1024	🌖	2015	Travel & Places	sky & weather	waning gibbous moon
\x{1F317}	1025	🌗	2015	Travel & Places	sky & weather	last quarter moon
\x{2139 FE0F}	1026	ℹ️	2010	Symbols	alphanum	information
\x{1F302}	1027	🌂	2010	Travel & Places	sky & weather	closed umbrella
\x{1F587 FE0F}	1028	🖇️	2014	Objects	office	linked paperclips
\x{1F3DF FE0F}	1029	🏟️	2014	Travel & Places	place-building	stadium
\x{1F509}	1030	🔉	2015	Objects	sound	speaker medium volume
\x{1F38C}	1031	🎌	2010	Flags	flag	crossed flags
\x{1F1EA 1F1E8}	1032	🇪🇨	2015	Flags	country-flag	flag: Ecuador
\x{1F4E4}	1033	📤	2010	Objects	mail	outbox tray
\x{1F39E FE0F}	1034	🎞️	2014	Objects	light & video	film frames
\x{1F004}	1035	🀄	2010	Activities	game	mahjong red dragon
\x{1F326 FE0F}	1036	🌦️	2014	Travel & Places	sky & weather	sun behind rain cloud
\x{1F52D}	1037	🔭	2015	Objects	science	telescope
\x{1F6B0}	1038	🚰	2015	Symbols	transport-sign	potable water
\x{1F9D1}	1039	🧑	2017	People & Body	person	person
\x{1F4D2}	1040	📒	2010	Objects	book-paper	ledger
\x{1F1EE 1F1F6}	1041	🇮🇶	2015	Flags	country-flag	flag: Iraq
\x{1F32B FE0F}	1042	🌫️	2014	Travel & Places	sky & weather	fog
\x{1F9E7}	1043	🧧	2018	Activities	event	red envelope
\x{1F98F}	1044	🦏	2016	Animals & Nature	animal-mammal	rhinoceros
\x{267F}	1045	♿	2010	Symbols	transport-sign	wheelchair symbol
\x{1F3BF}	1046	🎿	2010	Activities	sport	skis
\x{1F469 200D 1F3EB}	1047	👩‍🏫	2016	People & Body	person-role	woman teacher
\x{1F358}	1048	🍘	2010	Food & Drink	food-asian	rice cracker
\x{1F1EF 1F1F2}	1049	🇯🇲	2015	Flags	country-flag	flag: Jamaica
\x{23F1 FE0F}	1050	⏱️	2015	Travel & Places	time	stopwatch
\x{1F1F3 1F1F1}	1051	🇳🇱	2015	Flags	country-flag	flag: Netherlands
\x{1F396 FE0F}	1052	🎖️	2014	Activities	award-medal	military medal
\x{1F3EF}	1053	🏯	2010	Travel & Places	place-building	Japanese castle
\x{1F1EC 1F1F7}	1054	🇬🇷	2015	Flags	country-flag	flag: Greece
\x{1F532}	1055	🔲	2010	Symbols	geometric	black square button
\x{1F551}	1056	🕑	2010	Travel & Places	time	two o’clock
\x{1F1FE 1F1EA}	1057	🇾🇪	2015	Flags	country-flag	flag: Yemen
\x{1F961}	1058	🥡	2017	Food & Drink	food-asian	takeout box
\x{1F468 200D 2764 FE0F 200D 1F468}	1059	👨‍❤️‍👨	2015	People & Body	family	couple with heart: man, man
\x{1F469 200D 1F9B0}	1060	👩‍🦰	2018	People & Body	person	woman: red hair
\x{1F4BA}	1061	💺	2010	Travel & Places	transport-air	seat
\x{1F1EA 1F1FA}	1062	🇪🇺	2015	Flags	country-flag	flag: European Union
\x{1F508}	1063	🔈	2014	Objects	sound	speaker low volume
\x{2651}	1064	♑	2010	Symbols	zodiac	Capricorn
\x{1F9F4}	1065	🧴	2018	Objects	household	lotion bottle
\x{1F96E}	1066	🥮	2018	Food & Drink	food-asian	moon cake
\x{1F527}	1067	🔧	2010	Objects	tool	wrench
\x{25FC FE0F}	1068	◼️	2010	Symbols	geometric	black medium square
\x{1F6EC}	1069	🛬	2015	Travel & Places	transport-air	airplane arrival
\x{1F5E8 FE0F}	1070	🗨️	2015	Smileys & Emotion	emotion	left speech bubble
\x{1F391}	1071	🎑	2010	Activities	event	moon viewing ceremony
\x{1F3F4 E0067 E0062 E0073 E0063 E0074 E007F}	1072	🏴󠁧󠁢󠁳󠁣󠁴󠁿	2017	Flags	subdivision-flag	flag: Scotland
\x{1F6A4}	1073	🚤	2010	Travel & Places	transport-water	speedboat
\x{1F4D0}	1074	📐	2010	Objects	office	triangular ruler
\x{1F39A FE0F}	1075	🎚️	2014	Objects	music	level slider
\x{1F4D3}	1076	📓	2010	Objects	book-paper	notebook
\x{1F1E7 1F1EA}	1077	🇧🇪	2015	Flags	country-flag	flag: Belgium
\x{1F1FA 1F1E6}	1078	🇺🇦	2015	Flags	country-flag	flag: Ukraine
\x{1F38F}	1079	🎏	2010	Activities	event	carp streamer
\x{1F3F7 FE0F}	1080	🏷️	2014	Objects	book-paper	label
\x{1F3D9 FE0F}	1081	🏙️	2014	Travel & Places	place-other	cityscape
\x{23EA}	1082	⏪	2010	Symbols	av-symbol	fast reverse button
\x{1F3EA}	1083	🏪	2010	Travel & Places	place-building	convenience store
\x{1F58D FE0F}	1084	🖍️	2014	Objects	writing	crayon
\x{2623 FE0F}	1085	☣️	2015	Symbols	warning	biohazard
\x{1F9DD}	1086	🧝	2017	People & Body	person-fantasy	elf
\x{1F1E8 1F1FA}	1087	🇨🇺	2015	Flags	country-flag	flag: Cuba
\x{1F686}	1088	🚆	2015	Travel & Places	transport-ground	train
\x{1F482}	1089	💂	2010	People & Body	person-role	guard
\x{1F9E5}	1090	🧥	2017	Objects	clothing	coat
\x{26D1 FE0F}	1091	⛑️	2014	Objects	clothing	rescue worker’s helmet
\x{1F6F6}	1092	🛶	2016	Travel & Places	transport-water	canoe
\x{1F515}	1093	🔕	2015	Objects	sound	bell with slash
\x{1F3F4 E0067 E0062 E0065 E006E E0067 E007F}	1094	🏴󠁧󠁢󠁥󠁮󠁧󠁿	2017	Flags	subdivision-flag	flag: England
\x{1F6F0 FE0F}	1095	🛰️	2014	Travel & Places	transport-air	satellite
\x{1F4FC}	1096	📼	2010	Objects	light & video	videocassette
\x{1F507}	1097	🔇	2015	Objects	sound	muted speaker
\x{1F3F8}	1098	🏸	2015	Activities	sport	badminton
\x{1F58A FE0F}	1099	🖊️	2014	Objects	writing	pen
\x{1F4BD}	1100	💽	2010	Objects	computer	computer disk
\x{1F1EC 1F1ED}	1101	🇬🇭	2015	Flags	country-flag	flag: Ghana
\x{1F9A1}	1102	🦡	2018	Animals & Nature	animal-mammal	badger
\x{1F301}	1103	🌁	2010	Travel & Places	place-other	foggy
\x{1F4D4}	1104	📔	2010	Objects	book-paper	notebook with decorative cover
\x{1F58B FE0F}	1105	🖋️	2014	Objects	writing	fountain pen
\x{1F684}	1106	🚄	2010	Travel & Places	transport-ground	high-speed train
\x{1F468 200D 2695 FE0F}	1107	👨‍⚕️	2016	People & Body	person-role	man health worker
\x{1F4F6}	1108	📶	2010	Symbols	av-symbol	antenna bars
\x{1F6BC}	1109	🚼	2010	Symbols	transport-sign	baby symbol
\x{1F526}	1110	🔦	2010	Objects	light & video	flashlight
\x{1F685}	1111	🚅	2010	Travel & Places	transport-ground	bullet train
\x{1F251}	1112	🉑	2010	Symbols	alphanum	Japanese “acceptable” button
\x{1F6E9 FE0F}	1113	🛩️	2014	Travel & Places	transport-air	small airplane
\x{1F9FE}	1114	🧾	2018	Objects	money	receipt
\x{1F469 200D 1F3A4}	1115	👩‍🎤	2016	People & Body	person-role	woman singer
\x{1F1E8 1F1ED}	1116	🇨🇭	2015	Flags	country-flag	flag: Switzerland
\x{1F6E2 FE0F}	1117	🛢️	2014	Travel & Places	transport-ground	oil drum
\x{26E9 FE0F}	1118	⛩️	2014	Travel & Places	place-religious	shinto shrine
\x{1F9ED}	1119	🧭	2018	Travel & Places	place-map	compass
\x{1F553}	1120	🕓	2010	Travel & Places	time	four o’clock
\x{1F696}	1121	🚖	2015	Travel & Places	transport-ground	oncoming taxi
\x{1F97D}	1122	🥽	2018	Objects	clothing	goggles
\x{1F4D1}	1123	📑	2010	Objects	book-paper	bookmark tabs
\x{1F468 200D 1F393}	1124	👨‍🎓	2016	People & Body	person-role	man student
\x{1F559}	1125	🕙	2010	Travel & Places	time	ten o’clock
\x{1F93D}	1126	🤽	2016	People & Body	person-sport	person playing water polo
\x{1F468 200D 1F469 200D 1F467 200D 1F466}	1127	👨‍👩‍👧‍👦	2015	People & Body	family	family: man, woman, girl, boy
\x{1F469 200D 1F33E}	1128	👩‍🌾	2016	People & Body	person-role	woman farmer
\x{1F52C}	1129	🔬	2015	Objects	science	microscope
\x{1F6B8}	1130	🚸	2015	Symbols	warning	children crossing
\x{265F FE0F}	1131	♟️	2018	Activities	game	chess pawn
\x{1F3A6}	1132	🎦	2010	Symbols	av-symbol	cinema
\x{1F468 200D 1F3EB}	1133	👨‍🏫	2016	People & Body	person-role	man teacher
\x{1F1F1 1F1E7}	1134	🇱🇧	2015	Flags	country-flag	flag: Lebanon
\x{1F5FE}	1135	🗾	2010	Travel & Places	place-map	map of Japan
\x{1F53C}	1136	🔼	2010	Symbols	av-symbol	upwards button
\x{1F558}	1137	🕘	2010	Travel & Places	time	nine o’clock
\x{1F1E6 1F1F2}	1138	🇦🇲	2015	Flags	country-flag	flag: Armenia
\x{1F1E9 1F1F4}	1139	🇩🇴	2015	Flags	country-flag	flag: Dominican Republic
\x{1F461}	1140	👡	2010	Objects	clothing	woman’s sandal
\x{1F4C1}	1141	📁	2010	Objects	office	file folder
\x{1F325 FE0F}	1142	🌥️	2014	Travel & Places	sky & weather	sun behind large cloud
\x{1F68D}	1143	🚍	2014	Travel & Places	transport-ground	oncoming bus
\x{1F1F2 1F1FE}	1144	🇲🇾	2015	Flags	country-flag	flag: Malaysia
\x{23ED FE0F}	1145	⏭️	2014	Symbols	av-symbol	next track button
\x{1F960}	1146	🥠	2017	Food & Drink	food-asian	fortune cookie
\x{2196 FE0F}	1147	↖️	2010	Symbols	arrow	up-left arrow
\x{1F6A5}	1148	🚥	2010	Travel & Places	transport-ground	horizontal traffic light
\x{1F3EC}	1149	🏬	2010	Travel & Places	place-building	department store
\x{1F1EA 1F1E6}	1150	🇪🇦	2015	Flags	country-flag	flag: Ceuta & Melilla
\x{1F94D}	1151	🥍	2018	Activities	sport	lacrosse
\x{1F235}	1152	🈵	2010	Symbols	alphanum	Japanese “no vacancy” button
\x{25FB FE0F}	1153	◻️	2010	Symbols	geometric	white medium square
\x{1F1E8 1F1F5}	1154	🇨🇵	2015	Flags	country-flag	flag: Clipperton Island
\x{1F1FA 1F1FE}	1155	🇺🇾	2015	Flags	country-flag	flag: Uruguay
\x{1F55D}	1156	🕝	2014	Travel & Places	time	two-thirty
\x{1F522}	1157	🔢	2010	Symbols	alphanum	input numbers
\x{1F9EB}	1158	🧫	2018	Objects	science	petri dish
\x{1F3F4 E0067 E0062 E0077 E006C E0073 E007F}	1159	🏴󠁧󠁢󠁷󠁬󠁳󠁿	2017	Flags	subdivision-flag	flag: Wales
\x{1F6E5 FE0F}	1160	🛥️	2014	Travel & Places	transport-water	motor boat
\x{1F196}	1161	🆖	2010	Symbols	alphanum	NG button
\x{1F1E8 1F1EE}	1162	🇨🇮	2015	Flags	country-flag	flag: Côte d’Ivoire
\x{1F9EE}	1163	🧮	2018	Objects	computer	abacus
\x{1F5A8 FE0F}	1164	🖨️	2014	Objects	computer	printer
\x{1F6E0 FE0F}	1165	🛠️	2014	Objects	tool	hammer and wrench
\x{1F1E6 1F1F1}	1166	🇦🇱	2015	Flags	country-flag	flag: Albania
\x{1F469 200D 1F9B2}	1167	👩‍🦲	2018	People & Body	person	woman: bald
\x{1F97C}	1168	🥼	2018	Objects	clothing	lab coat
\x{2695 FE0F}	1169	⚕️	2016	Symbols	other-symbol	medical symbol
\x{27BF}	1170	➿	2015	Symbols	other-symbol	double curly loop
\x{1F1E7 1F1EC}	1171	🇧🇬	2015	Flags	country-flag	flag: Bulgaria
\x{1F936}	1172	🤶	2016	People & Body	person-fantasy	Mrs. Claus
\x{1F555}	1173	🕕	2010	Travel & Places	time	six o’clock
\x{1F3D1}	1174	🏑	2015	Activities	sport	field hockey
\x{1F468 200D 1F469 200D 1F466}	1175	👨‍👩‍👦	2015	People & Body	family	family: man, woman, boy
\x{1F503}	1176	🔃	2010	Symbols	arrow	clockwise vertical arrows
\x{1F4F5}	1177	📵	2015	Symbols	warning	no mobile phones
\x{1F236}	1178	🈶	2010	Symbols	alphanum	Japanese “not free of charge” button
\x{1F94F}	1179	🥏	2018	Activities	sport	flying disc
\x{26F4 FE0F}	1180	⛴️	2014	Travel & Places	transport-water	ferry
\x{1F468 200D 1F33E}	1181	👨‍🌾	2016	People & Body	person-role	man farmer
\x{1F1E6 1F1FF}	1182	🇦🇿	2015	Flags	country-flag	flag: Azerbaijan
\x{1F4F3}	1183	📳	2010	Symbols	av-symbol	vibration mode
\x{23 FE0F 20E3}	1184	#️⃣	2010	Symbols	keycap	keycap: #
\x{1F191}	1185	🆑	2010	Symbols	alphanum	CL button
\x{26F8 FE0F}	1186	⛸️	2014	Activities	sport	ice skate
\x{1F4EB}	1187	📫	2010	Objects	mail	closed mailbox with raised flag
\x{1F556}	1188	🕖	2010	Travel & Places	time	seven o’clock
\x{1F1F8 1F1FB}	1189	🇸🇻	2015	Flags	country-flag	flag: El Salvador
\x{1F1F1 1F1FE}	1190	🇱🇾	2015	Flags	country-flag	flag: Libya
\x{1F1EB 1F1EE}	1191	🇫🇮	2015	Flags	country-flag	flag: Finland
\x{1F68B}	1192	🚋	2015	Travel & Places	transport-ground	tram car
\x{2626 FE0F}	1193	☦️	2015	Symbols	religion	orthodox cross
\x{1F1F5 1F1FE}	1194	🇵🇾	2015	Flags	country-flag	flag: Paraguay
\x{1F529}	1195	🔩	2010	Objects	tool	nut and bolt
\x{269B FE0F}	1196	⚛️	2015	Symbols	religion	atom symbol
\x{1F557}	1197	🕗	2010	Travel & Places	time	eight o’clock
\x{1F4C2}	1198	📂	2010	Objects	office	open file folder
\x{1F687}	1199	🚇	2010	Travel & Places	transport-ground	metro
\x{1F94C}	1200	🥌	2017	Activities	sport	curling stone
\x{1F469 200D 1F3A8}	1201	👩‍🎨	2016	People & Body	person-role	woman artist
\x{21AA FE0F}	1202	↪️	2010	Symbols	arrow	left arrow curving right
\x{1F1FB 1F1F3}	1203	🇻🇳	2015	Flags	country-flag	flag: Vietnam
\x{1F1E9 1F1F0}	1204	🇩🇰	2015	Flags	country-flag	flag: Denmark
\x{1F9F0}	1205	🧰	2018	Objects	tool	toolbox
\x{1F3DA FE0F}	1206	🏚️	2014	Travel & Places	place-building	derelict house
\x{2328 FE0F}	1207	⌨️	2015	Objects	computer	keyboard
\x{1F55A}	1208	🕚	2010	Travel & Places	time	eleven o’clock
\x{1F68F}	1209	🚏	2010	Travel & Places	transport-ground	bus stop
\x{1F9EF}	1210	🧯	2018	Objects	household	fire extinguisher
\x{1F1F9 1F1FC}	1211	🇹🇼	2015	Flags	country-flag	flag: Taiwan
\x{1F50F}	1212	🔏	2010	Objects	lock	locked with pen
\x{1F468 200D 1F469 200D 1F467}	1213	👨‍👩‍👧	2015	People & Body	family	family: man, woman, girl
\x{1F9F7}	1214	🧷	2018	Objects	household	safety pin
\x{1F469 200D 1F52C}	1215	👩‍🔬	2016	People & Body	person-role	woman scientist
\x{1F1ED 1F1FA}	1216	🇭🇺	2015	Flags	country-flag	flag: Hungary
\x{1F1F3 1F1EE}	1217	🇳🇮	2015	Flags	country-flag	flag: Nicaragua
\x{1F6B7}	1218	🚷	2015	Symbols	warning	no pedestrians
\x{1F39B FE0F}	1219	🎛️	2014	Objects	music	control knobs
\x{1F68E}	1220	🚎	2015	Travel & Places	transport-ground	trolleybus
\x{1F689}	1221	🚉	2010	Travel & Places	transport-ground	station
\x{1F1E7 1F1F4}	1222	🇧🇴	2015	Flags	country-flag	flag: Bolivia
\x{1F1F2 1F1E8}	1223	🇲🇨	2015	Flags	country-flag	flag: Monaco
\x{1F18E}	1224	🆎	2010	Symbols	alphanum	AB button (blood type)
\x{1F472}	1225	👲	2010	People & Body	person-role	person with skullcap
\x{1F554}	1226	🕔	2010	Travel & Places	time	five o’clock
\x{1F468 200D 1F9B3}	1227	👨‍🦳	2018	People & Body	person	man: white hair
\x{26B1 FE0F}	1228	⚱️	2015	Objects	other-object	funeral urn
\x{2A FE0F 20E3}	1229	*️⃣	2015	Symbols	keycap	keycap: *
\x{1F1F0 1F1FC}	1230	🇰🇼	2015	Flags	country-flag	flag: Kuwait
\x{1F4BE}	1231	💾	2010	Objects	computer	floppy disk
\x{1F1F6 1F1E6}	1232	🇶🇦	2015	Flags	country-flag	flag: Qatar
\x{2797}	1233	➗	2010	Symbols	math	divide
\x{1F5FA FE0F}	1234	🗺️	2014	Travel & Places	place-map	world map
\x{1F3FA}	1235	🏺	2015	Food & Drink	dishware	amphora
\x{1F54E}	1236	🕎	2015	Symbols	religion	menorah
\x{1F469 200D 1F9B1}	1237	👩‍🦱	2018	People & Body	person	woman: curly hair
\x{1F1EC 1F1F9}	1238	🇬🇹	2015	Flags	country-flag	flag: Guatemala
\x{1F469 200D 1F467}	1239	👩‍👧	2016	People & Body	family	family: woman, girl
\x{1F1F3 1F1F4}	1240	🇳🇴	2015	Flags	country-flag	flag: Norway
\x{1F4B1}	1241	💱	2010	Symbols	currency	currency exchange
\x{1F6B3}	1242	🚳	2015	Symbols	warning	no bicycles
\x{1F1EC 1F1EA}	1243	🇬🇪	2015	Flags	country-flag	flag: Georgia
\x{1F579 FE0F}	1244	🕹️	2014	Activities	game	joystick
\x{1F6F3 FE0F}	1245	🛳️	2014	Travel & Places	transport-water	passenger ship
\x{1F469 200D 1F9B3}	1246	👩‍🦳	2018	People & Body	person	woman: white hair
\x{1F6BB}	1247	🚻	2010	Symbols	transport-sign	restroom
\x{1F1E7 1F1ED}	1248	🇧🇭	2015	Flags	country-flag	flag: Bahrain
\x{1F4DF}	1249	📟	2010	Objects	phone	pager
\x{1F250}	1250	🉐	2010	Symbols	alphanum	Japanese “bargain” button
\x{1F1E8 1F1F2}	1251	🇨🇲	2015	Flags	country-flag	flag: Cameroon
\x{1F239}	1252	🈹	2010	Symbols	alphanum	Japanese “discount” button
\x{1F1E8 1F1E9}	1253	🇨🇩	2015	Flags	country-flag	flag: Congo - Kinshasa
\x{1F1ED 1F1F9}	1254	🇭🇹	2015	Flags	country-flag	flag: Haiti
\x{1F97F}	1255	🥿	2018	Objects	clothing	flat shoe
\x{1F1ED 1F1F3}	1256	🇭🇳	2015	Flags	country-flag	flag: Honduras
\x{1F565}	1257	🕥	2014	Travel & Places	time	ten-thirty
\x{1F1F8 1F1EC}	1258	🇸🇬	2015	Flags	country-flag	flag: Singapore
\x{1F468 200D 1F3A4}	1259	👨‍🎤	2016	People & Body	person-role	man singer
\x{1F1F5 1F1E6}	1260	🇵🇦	2015	Flags	country-flag	flag: Panama
\x{1F1E8 1F1F7}	1261	🇨🇷	2015	Flags	country-flag	flag: Costa Rica
\x{23EB}	1262	⏫	2010	Symbols	av-symbol	fast up button
\x{1F1F0 1F1EA}	1263	🇰🇪	2015	Flags	country-flag	flag: Kenya
\x{2638 FE0F}	1264	☸️	2014	Symbols	religion	wheel of dharma
\x{1F1EF 1F1F4}	1265	🇯🇴	2015	Flags	country-flag	flag: Jordan
\x{1F469 200D 1F4BC}	1266	👩‍💼	2016	People & Body	person-role	woman office worker
\x{1F469 200D 1F680}	1267	👩‍🚀	2016	People & Body	person-role	woman astronaut
\x{1F533}	1268	🔳	2010	Symbols	geometric	white square button
\x{1F55E}	1269	🕞	2014	Travel & Places	time	three-thirty
\x{1F1F9 1F1F3}	1270	🇹🇳	2015	Flags	country-flag	flag: Tunisia
\x{1F1E6 1F1EB}	1271	🇦🇫	2015	Flags	country-flag	flag: Afghanistan
\x{1F502}	1272	🔂	2015	Symbols	av-symbol	repeat single button
\x{1F469 200D 1F692}	1273	👩‍🚒	2016	People & Body	person-role	woman firefighter
\x{1F6A0}	1274	🚠	2015	Travel & Places	transport-air	mountain cableway
\x{23FA FE0F}	1275	⏺️	2014	Symbols	av-symbol	record button
\x{1F3E3}	1276	🏣	2010	Travel & Places	place-building	Japanese post office
\x{1F45D}	1277	👝	2010	Objects	clothing	clutch bag
\x{1F1E7 1F1E9}	1278	🇧🇩	2015	Flags	country-flag	flag: Bangladesh
\x{1F1F3 1F1FF}	1279	🇳🇿	2015	Flags	country-flag	flag: New Zealand
\x{1F468 200D 1F680}	1280	👨‍🚀	2016	People & Body	person-role	man astronaut
\x{1F468 200D 2708 FE0F}	1281	👨‍✈️	2016	People & Body	person-role	man pilot
\x{21A9 FE0F}	1282	↩️	2010	Symbols	arrow	right arrow curving left
\x{1F68A}	1283	🚊	2015	Travel & Places	transport-ground	tram
\x{1F3ED}	1284	🏭	2010	Travel & Places	place-building	factory
\x{1F1F3 1F1F5}	1285	🇳🇵	2015	Flags	country-flag	flag: Nepal
\x{1F6CE FE0F}	1286	🛎️	2014	Travel & Places	hotel	bellhop bell
\x{26CE}	1287	⛎	2010	Symbols	zodiac	Ophiuchus
\x{1F1ED 1F1F0}	1288	🇭🇰	2015	Flags	country-flag	flag: Hong Kong SAR China
\x{1F1F9 1F1F9}	1289	🇹🇹	2015	Flags	country-flag	flag: Trinidad & Tobago
\x{1F3D7 FE0F}	1290	🏗️	2014	Travel & Places	place-building	building construction
\x{1F1EE 1F1F7}	1291	🇮🇷	2015	Flags	country-flag	flag: Iran
\x{1F688}	1292	🚈	2015	Travel & Places	transport-ground	light rail
\x{1F500}	1293	🔀	2015	Symbols	av-symbol	shuffle tracks button
\x{2697 FE0F}	1294	⚗️	2015	Objects	science	alembic
\x{1F6BE}	1295	🚾	2010	Symbols	transport-sign	water closet
\x{1F1E8 1F1FF}	1296	🇨🇿	2015	Flags	country-flag	flag: Czechia
\x{1F5EF FE0F}	1297	🗯️	2014	Smileys & Emotion	emotion	right anger bubble
\x{1F1F8 1F1FE}	1298	🇸🇾	2015	Flags	country-flag	flag: Syria
\x{1F469 200D 1F527}	1299	👩‍🔧	2016	People & Body	person-role	woman mechanic
\x{1F1FF 1F1FC}	1300	🇿🇼	2015	Flags	country-flag	flag: Zimbabwe
\x{1F69D}	1301	🚝	2015	Travel & Places	transport-ground	monorail
\x{1F1F3 1F1EA}	1302	🇳🇪	2015	Flags	country-flag	flag: Niger
\x{23F2 FE0F}	1303	⏲️	2015	Travel & Places	time	timer clock
\x{1F1ED 1F1F7}	1304	🇭🇷	2015	Flags	country-flag	flag: Croatia
\x{1F1FA 1F1EC}	1305	🇺🇬	2015	Flags	country-flag	flag: Uganda
\x{1F1F8 1F1E9}	1306	🇸🇩	2015	Flags	country-flag	flag: Sudan
\x{1F1F7 1F1F8}	1307	🇷🇸	2015	Flags	country-flag	flag: Serbia
\x{1F5B1 FE0F}	1308	🖱️	2014	Objects	computer	computer mouse
\x{1F1E6 1F1F4}	1309	🇦🇴	2015	Flags	country-flag	flag: Angola
\x{1F54D}	1310	🕍	2015	Travel & Places	place-religious	synagogue
\x{1F234}	1311	🈴	2010	Symbols	alphanum	Japanese “passing grade” button
\x{1F3DB FE0F}	1312	🏛️	2014	Travel & Places	place-building	classical building
\x{1F69F}	1313	🚟	2015	Travel & Places	transport-air	suspension railway
\x{23EE FE0F}	1314	⏮️	2014	Symbols	av-symbol	last track button
\x{1F570 FE0F}	1315	🕰️	2014	Travel & Places	time	mantelpiece clock
\x{1F22F}	1316	🈯	2010	Symbols	alphanum	Japanese “reserved” button
\x{1F6AF}	1317	🚯	2015	Symbols	warning	no littering
\x{1F468 200D 1F692}	1318	👨‍🚒	2016	People & Body	person-role	man firefighter
\x{1F468 200D 1F4BC}	1319	👨‍💼	2016	People & Body	person-role	man office worker
\x{1F468 200D 1F9B2}	1320	👨‍🦲	2018	People & Body	person	man: bald
\x{1F1F8 1F1F3}	1321	🇸🇳	2015	Flags	country-flag	flag: Senegal
\x{1F468 200D 1F9B1}	1322	👨‍🦱	2018	People & Body	person	man: curly hair
\x{1F468 200D 1F3A8}	1323	👨‍🎨	2016	People & Body	person-role	man artist
\x{1F524}	1324	🔤	2010	Symbols	alphanum	input latin letters
\x{1F6C2}	1325	🛂	2015	Symbols	transport-sign	passport control
\x{23F8 FE0F}	1326	⏸️	2014	Symbols	av-symbol	pause button
\x{1F1EA 1F1EA}	1327	🇪🇪	2015	Flags	country-flag	flag: Estonia
\x{1F1E7 1F1E6}	1328	🇧🇦	2015	Flags	country-flag	flag: Bosnia & Herzegovina
\x{1F4EA}	1329	📪	2010	Objects	mail	closed mailbox with lowered flag
\x{1F469 200D 2696 FE0F}	1330	👩‍⚖️	2016	People & Body	person-role	woman judge
\x{1F1EC 1F1F3}	1331	🇬🇳	2015	Flags	country-flag	flag: Guinea
\x{1F468 200D 1F52C}	1332	👨‍🔬	2016	People & Body	person-role	man scientist
\x{1F468 200D 1F469 200D 1F467 200D 1F467}	1333	👨‍👩‍👧‍👧	2015	People & Body	family	family: man, woman, girl, girl
\x{1F6A1}	1334	🚡	2015	Travel & Places	transport-air	aerial tramway
\x{1F3E4}	1335	🏤	2015	Travel & Places	place-building	post office
\x{1F1FF 1F1F2}	1336	🇿🇲	2015	Flags	country-flag	flag: Zambia
\x{1F1E7 1F1EF}	1337	🇧🇯	2015	Flags	country-flag	flag: Benin
\x{1F1FB 1F1EE}	1338	🇻🇮	2015	Flags	country-flag	flag: U.S. Virgin Islands
\x{1F6E4 FE0F}	1339	🛤️	2014	Travel & Places	transport-ground	railway track
\x{1F69E}	1340	🚞	2015	Travel & Places	transport-ground	mountain railway
\x{1F468 200D 1F9B0}	1341	👨‍🦰	2018	People & Body	person	man: red hair
\x{1F1E6 1F1E9}	1342	🇦🇩	2015	Flags	country-flag	flag: Andorra
\x{1F1F7 1F1F4}	1343	🇷🇴	2015	Flags	country-flag	flag: Romania
\x{1F5D2 FE0F}	1344	🗒️	2014	Objects	office	spiral notepad
\x{1F23A}	1345	🈺	2010	Symbols	alphanum	Japanese “open for business” button
\x{1F468 200D 1F466}	1346	👨‍👦	2016	People & Body	family	family: man, boy
\x{1F1FA 1F1F3}	1347	🇺🇳	2016	Flags	country-flag	flag: United Nations
\x{1F468 200D 1F469 200D 1F466 200D 1F466}	1348	👨‍👩‍👦‍👦	2015	People & Body	family	family: man, woman, boy, boy
\x{1F1E7 1F1E7}	1349	🇧🇧	2015	Flags	country-flag	flag: Barbados
\x{1F469 200D 2708 FE0F}	1350	👩‍✈️	2016	People & Body	person-role	woman pilot
\x{1F1E7 1F1F3}	1351	🇧🇳	2015	Flags	country-flag	flag: Brunei
\x{1F4ED}	1352	📭	2014	Objects	mail	open mailbox with lowered flag
\x{1F469 200D 1F466}	1353	👩‍👦	2016	People & Body	family	family: woman, boy
\x{1F1F8 1F1F4}	1354	🇸🇴	2015	Flags	country-flag	flag: Somalia
\x{1F1E7 1F1FC}	1355	🇧🇼	2015	Flags	country-flag	flag: Botswana
\x{1F5C4 FE0F}	1356	🗄️	2014	Objects	office	file cabinet
\x{1F441 FE0F 200D 1F5E8 FE0F}	1357	👁️‍🗨️	2015	Smileys & Emotion	emotion	eye in speech bubble
\x{1F1EA 1F1F9}	1358	🇪🇹	2015	Flags	country-flag	flag: Ethiopia
\x{1F1F9 1F1FF}	1359	🇹🇿	2015	Flags	country-flag	flag: Tanzania
\x{1F1F1 1F1FB}	1360	🇱🇻	2015	Flags	country-flag	flag: Latvia
\x{1F468 200D 1F527}	1361	👨‍🔧	2016	People & Body	person-role	man mechanic
\x{1F1EE 1F1F8}	1362	🇮🇸	2015	Flags	country-flag	flag: Iceland
\x{1F561}	1363	🕡	2014	Travel & Places	time	six-thirty
\x{1F468 200D 2696 FE0F}	1364	👨‍⚖️	2016	People & Body	person-role	man judge
\x{1F1F1 1F1FA}	1365	🇱🇺	2015	Flags	country-flag	flag: Luxembourg
\x{1F6C4}	1366	🛄	2015	Symbols	transport-sign	baggage claim
\x{2195 FE0F}	1367	↕️	2010	Symbols	arrow	up-down arrow
\x{1F1E6 1F1E8}	1368	🇦🇨	2015	Flags	country-flag	flag: Ascension Island
\x{1F1FC 1F1F8}	1369	🇼🇸	2015	Flags	country-flag	flag: Samoa
\x{1F566}	1370	🕦	2014	Travel & Places	time	eleven-thirty
\x{1F6B1}	1371	🚱	2015	Symbols	warning	non-potable water
\x{1F563}	1372	🕣	2014	Travel & Places	time	eight-thirty
\x{1F1F2 1F1F0}	1373	🇲🇰	2015	Flags	country-flag	flag: North Macedonia
\x{1F469 200D 1F3ED}	1374	👩‍🏭	2016	People & Body	person-role	woman factory worker
\x{1F1F0 1F1FF}	1375	🇰🇿	2015	Flags	country-flag	flag: Kazakhstan
\x{1F21A}	1376	🈚	2010	Symbols	alphanum	Japanese “free of charge” button
\x{1F232}	1377	🈲	2010	Symbols	alphanum	Japanese “prohibited” button
\x{1F520}	1378	🔠	2010	Symbols	alphanum	input latin uppercase
\x{1F6F7}	1379	🛷	2017	Activities	sport	sled
\x{1F1E7 1F1FE}	1380	🇧🇾	2015	Flags	country-flag	flag: Belarus
\x{1F1F1 1F1E6}	1381	🇱🇦	2015	Flags	country-flag	flag: Laos
\x{1F1F4 1F1F2}	1382	🇴🇲	2015	Flags	country-flag	flag: Oman
\x{1F1E6 1F1F6}	1383	🇦🇶	2015	Flags	country-flag	flag: Antarctica
\x{1F4C7}	1384	📇	2010	Objects	office	card index
\x{1F5B2 FE0F}	1385	🖲️	2014	Objects	computer	trackball
\x{1F1F9 1F1EC}	1386	🇹🇬	2015	Flags	country-flag	flag: Togo
\x{1F1EC 1F1FE}	1387	🇬🇾	2015	Flags	country-flag	flag: Guyana
\x{1F564}	1388	🕤	2014	Travel & Places	time	nine-thirty
\x{1F1F2 1F1F1}	1389	🇲🇱	2015	Flags	country-flag	flag: Mali
\x{1F1FB 1F1E8}	1390	🇻🇨	2015	Flags	country-flag	flag: St. Vincent & Grenadines
\x{1F1E6 1F1FD}	1391	🇦🇽	2015	Flags	country-flag	flag: Åland Islands
\x{1F567}	1392	🕧	2014	Travel & Places	time	twelve-thirty
\x{1F1FA 1F1FF}	1393	🇺🇿	2015	Flags	country-flag	flag: Uzbekistan
\x{1F5C3 FE0F}	1394	🗃️	2014	Objects	office	card file box
\x{1F238}	1395	🈸	2010	Symbols	alphanum	Japanese “application” button
\x{1F1EC 1F1F1}	1396	🇬🇱	2015	Flags	country-flag	flag: Greenland
\x{1F1E6 1F1EE}	1397	🇦🇮	2015	Flags	country-flag	flag: Anguilla
\x{1F469 200D 1F467 200D 1F466}	1398	👩‍👧‍👦	2016	People & Body	family	family: woman, girl, boy
\x{1F233}	1399	🈳	2010	Symbols	alphanum	Japanese “vacancy” button
\x{1F5DC FE0F}	1400	🗜️	2014	Objects	tool	clamp
\x{1F562}	1401	🕢	2014	Travel & Places	time	seven-thirty
\x{1F560}	1402	🕠	2014	Travel & Places	time	five-thirty
\x{1F1E6 1F1F8}	1403	🇦🇸	2015	Flags	country-flag	flag: American Samoa
\x{1F1E6 1F1EC}	1404	🇦🇬	2015	Flags	country-flag	flag: Antigua & Barbuda
\x{1F1E7 1F1EB}	1405	🇧🇫	2015	Flags	country-flag	flag: Burkina Faso
\x{1F1FB 1F1E6}	1406	🇻🇦	2015	Flags	country-flag	flag: Vatican City
\x{1F1F1 1F1F0}	1407	🇱🇰	2015	Flags	country-flag	flag: Sri Lanka
\x{1F55F}	1408	🕟	2014	Travel & Places	time	four-thirty
\x{1F1E7 1F1FB}	1409	🇧🇻	2015	Flags	country-flag	flag: Bouvet Island
\x{1F1E6 1F1FC}	1410	🇦🇼	2015	Flags	country-flag	flag: Aruba
\x{1F1F2 1F1EB}	1411	🇲🇫	2015	Flags	country-flag	flag: St. Martin
\x{1F1E7 1F1F8}	1412	🇧🇸	2015	Flags	country-flag	flag: Bahamas
\x{1F1F1 1F1F9}	1413	🇱🇹	2015	Flags	country-flag	flag: Lithuania
\x{1F1E7 1F1EE}	1414	🇧🇮	2015	Flags	country-flag	flag: Burundi
\x{1F1ED 1F1F2}	1415	🇭🇲	2015	Flags	country-flag	flag: Heard & McDonald Islands
\x{1F1F0 1F1F5}	1416	🇰🇵	2015	Flags	country-flag	flag: North Korea
\x{1F1EA 1F1F7}	1417	🇪🇷	2015	Flags	country-flag	flag: Eritrea
\x{1F1F9 1F1F4}	1418	🇹🇴	2015	Flags	country-flag	flag: Tonga
\x{1F1F8 1F1F0}	1419	🇸🇰	2015	Flags	country-flag	flag: Slovakia
\x{1F1FB 1F1FA}	1420	🇻🇺	2015	Flags	country-flag	flag: Vanuatu
\x{1F1F0 1F1ED}	1421	🇰🇭	2015	Flags	country-flag	flag: Cambodia
\x{1F1F9 1F1F2}	1422	🇹🇲	2015	Flags	country-flag	flag: Turkmenistan
\x{23F9 FE0F}	1423	⏹️	2014	Symbols	av-symbol	stop button
\x{1F1F8 1F1F1}	1424	🇸🇱	2015	Flags	country-flag	flag: Sierra Leone
\x{1F1F9 1F1E9}	1425	🇹🇩	2015	Flags	country-flag	flag: Chad
\x{1F468 200D 1F467}	1426	👨‍👧	2016	People & Body	family	family: man, girl
\x{1F1FB 1F1EC}	1427	🇻🇬	2015	Flags	country-flag	flag: British Virgin Islands
\x{1F1F9 1F1FB}	1428	🇹🇻	2015	Flags	country-flag	flag: Tuvalu
\x{1F1EE 1F1E8}	1429	🇮🇨	2015	Flags	country-flag	flag: Canary Islands
\x{1F1F9 1F1EF}	1430	🇹🇯	2015	Flags	country-flag	flag: Tajikistan
\x{1F469 200D 1F467 200D 1F467}	1431	👩‍👧‍👧	2016	People & Body	family	family: woman, girl, girl
\x{1F468 200D 1F468 200D 1F467}	1432	👨‍👨‍👧	2015	People & Body	family	family: man, man, girl
\x{1F1F0 1F1EC}	1433	🇰🇬	2015	Flags	country-flag	flag: Kyrgyzstan
\x{1F1E8 1F1EC}	1434	🇨🇬	2015	Flags	country-flag	flag: Congo - Brazzaville
\x{1F1EC 1F1E6}	1435	🇬🇦	2015	Flags	country-flag	flag: Gabon
\x{1F1F2 1F1F4}	1436	🇲🇴	2015	Flags	country-flag	flag: Macao SAR China
\x{1F1F2 1F1FA}	1437	🇲🇺	2015	Flags	country-flag	flag: Mauritius
\x{1F1FD 1F1F0}	1438	🇽🇰	2015	Flags	country-flag	flag: Kosovo
\x{1F1F8 1F1EE}	1439	🇸🇮	2015	Flags	country-flag	flag: Slovenia
\x{1F1F2 1F1F2}	1440	🇲🇲	2015	Flags	country-flag	flag: Myanmar (Burma)
\x{1F1E8 1F1FE}	1441	🇨🇾	2015	Flags	country-flag	flag: Cyprus
\x{1F6C3}	1442	🛃	2015	Symbols	transport-sign	customs
\x{1F1E7 1F1F9}	1443	🇧🇹	2015	Flags	country-flag	flag: Bhutan
\x{1F1E7 1F1F2}	1444	🇧🇲	2015	Flags	country-flag	flag: Bermuda
\x{1F468 200D 1F466 200D 1F466}	1445	👨‍👦‍👦	2016	People & Body	family	family: man, boy, boy
\x{1F1EA 1F1ED}	1446	🇪🇭	2015	Flags	country-flag	flag: Western Sahara
\x{1F237 FE0F}	1447	🈷️	2010	Symbols	alphanum	Japanese “monthly amount” button
\x{1F1F2 1F1EA}	1448	🇲🇪	2015	Flags	country-flag	flag: Montenegro
\x{1F1F8 1F1F8}	1449	🇸🇸	2015	Flags	country-flag	flag: South Sudan
\x{1F1F7 1F1FC}	1450	🇷🇼	2015	Flags	country-flag	flag: Rwanda
\x{1F1F2 1F1F7}	1451	🇲🇷	2015	Flags	country-flag	flag: Mauritania
\x{1F1F2 1F1F9}	1452	🇲🇹	2015	Flags	country-flag	flag: Malta
\x{1F1E8 1F1E8}	1453	🇨🇨	2015	Flags	country-flag	flag: Cocos (Keeling) Islands
\x{1F1F8 1F1F7}	1454	🇸🇷	2015	Flags	country-flag	flag: Suriname
\x{1F468 200D 1F468 200D 1F466 200D 1F466}	1455	👨‍👨‍👦‍👦	2015	People & Body	family	family: man, man, boy, boy
\x{1F6C5}	1456	🛅	2015	Symbols	transport-sign	left luggage
\x{1F1F2 1F1F3}	1457	🇲🇳	2015	Flags	country-flag	flag: Mongolia
\x{1F468 200D 1F468 200D 1F466}	1458	👨‍👨‍👦	2015	People & Body	family	family: man, man, boy
\x{1F1F2 1F1EC}	1459	🇲🇬	2015	Flags	country-flag	flag: Madagascar
\x{1F521}	1460	🔡	2010	Symbols	alphanum	input latin lowercase
\x{1F1F1 1F1F8}	1461	🇱🇸	2015	Flags	country-flag	flag: Lesotho
\x{1F469 200D 1F466 200D 1F466}	1462	👩‍👦‍👦	2016	People & Body	family	family: woman, boy, boy
\x{1F1FE 1F1F9}	1463	🇾🇹	2015	Flags	country-flag	flag: Mayotte
\x{1F1F8 1F1EF}	1464	🇸🇯	2015	Flags	country-flag	flag: Svalbard & Jan Mayen
\x{1F1F9 1F1F1}	1465	🇹🇱	2015	Flags	country-flag	flag: Timor-Leste
\x{1F1F2 1F1E9}	1466	🇲🇩	2015	Flags	country-flag	flag: Moldova
\x{1F1E8 1F1FB}	1467	🇨🇻	2015	Flags	country-flag	flag: Cape Verde
\x{1F1F2 1F1FF}	1468	🇲🇿	2015	Flags	country-flag	flag: Mozambique
\x{1F5C2 FE0F}	1469	🗂️	2014	Objects	office	card index dividers
\x{1F1EE 1F1F4}	1470	🇮🇴	2015	Flags	country-flag	flag: British Indian Ocean Territory
\x{1F1F9 1F1E8}	1471	🇹🇨	2015	Flags	country-flag	flag: Turks & Caicos Islands
\x{1F1F3 1F1E6}	1472	🇳🇦	2015	Flags	country-flag	flag: Namibia
\x{1F1EC 1F1FC}	1473	🇬🇼	2015	Flags	country-flag	flag: Guinea-Bissau
\x{1F1F2 1F1FB}	1474	🇲🇻	2015	Flags	country-flag	flag: Maldives
\x{1F468 200D 1F3ED}	1475	👨‍🏭	2016	People & Body	person-role	man factory worker
\x{1F1EC 1F1FA}	1476	🇬🇺	2015	Flags	country-flag	flag: Guam
\x{1F1F9 1F1E6}	1477	🇹🇦	2015	Flags	country-flag	flag: Tristan da Cunha
\x{1F469 200D 1F469 200D 1F467 200D 1F467}	1478	👩‍👩‍👧‍👧	2015	People & Body	family	family: woman, woman, girl, girl
\x{1F1E7 1F1F1}	1479	🇧🇱	2015	Flags	country-flag	flag: St. Barthélemy
\x{1F1F3 1F1EB}	1480	🇳🇫	2015	Flags	country-flag	flag: Norfolk Island
\x{1F202 FE0F}	1481	🈂️	2010	Symbols	alphanum	Japanese “service charge” button
\x{1F523}	1482	🔣	2010	Symbols	alphanum	input symbols
\x{1F1F7 1F1EA}	1483	🇷🇪	2015	Flags	country-flag	flag: Réunion
\x{1F1F0 1F1F2}	1484	🇰🇲	2015	Flags	country-flag	flag: Comoros
\x{1F469 200D 1F469 200D 1F466}	1485	👩‍👩‍👦	2015	People & Body	family	family: woman, woman, boy
\x{1F1F1 1F1E8}	1486	🇱🇨	2015	Flags	country-flag	flag: St. Lucia
\x{1F1EC 1F1F2}	1487	🇬🇲	2015	Flags	country-flag	flag: Gambia
\x{1F1FC 1F1EB}	1488	🇼🇫	2015	Flags	country-flag	flag: Wallis & Futuna
\x{1F1E7 1F1F6}	1489	🇧🇶	2015	Flags	country-flag	flag: Caribbean Netherlands
\x{1F1EE 1F1F2}	1490	🇮🇲	2015	Flags	country-flag	flag: Isle of Man
\x{1F1E8 1F1F0}	1491	🇨🇰	2015	Flags	country-flag	flag: Cook Islands
\x{1F1E7 1F1FF}	1492	🇧🇿	2015	Flags	country-flag	flag: Belize
\x{1F468 200D 1F467 200D 1F466}	1493	👨‍👧‍👦	2016	People & Body	family	family: man, girl, boy
\x{1F1F8 1F1FF}	1494	🇸🇿	2015	Flags	country-flag	flag: Eswatini
\x{1F1F8 1F1F9}	1495	🇸🇹	2015	Flags	country-flag	flag: São Tomé & Príncipe
\x{1F1E9 1F1EF}	1496	🇩🇯	2015	Flags	country-flag	flag: Djibouti
\x{1F469 200D 1F469 200D 1F467 200D 1F466}	1497	👩‍👩‍👧‍👦	2015	People & Body	family	family: woman, woman, girl, boy
\x{1F468 200D 1F468 200D 1F467 200D 1F466}	1498	👨‍👨‍👧‍👦	2015	People & Body	family	family: man, man, girl, boy
\x{1F1E9 1F1F2}	1499	🇩🇲	2015	Flags	country-flag	flag: Dominica
\x{1F469 200D 1F469 200D 1F467}	1500	👩‍👩‍👧	2015	People & Body	family	family: woman, woman, girl
\x{1F1EC 1F1E9}	1501	🇬🇩	2015	Flags	country-flag	flag: Grenada
\x{1F1EB 1F1F2}	1502	🇫🇲	2015	Flags	country-flag	flag: Micronesia
\x{1F1E8 1F1EB}	1503	🇨🇫	2015	Flags	country-flag	flag: Central African Republic
\x{1F1F8 1F1F2}	1504	🇸🇲	2015	Flags	country-flag	flag: San Marino
\x{1F1EB 1F1EF}	1505	🇫🇯	2015	Flags	country-flag	flag: Fiji
\x{1F1F9 1F1F0}	1506	🇹🇰	2015	Flags	country-flag	flag: Tokelau
\x{1F1EC 1F1EC}	1507	🇬🇬	2015	Flags	country-flag	flag: Guernsey
\x{1F1F0 1F1F3}	1508	🇰🇳	2015	Flags	country-flag	flag: St. Kitts & Nevis
\x{1F1F8 1F1E8}	1509	🇸🇨	2015	Flags	country-flag	flag: Seychelles
\x{1F9B0}	1510	🦰	2018	Component	hair-style	red hair
\x{1F1F8 1F1E7}	1511	🇸🇧	2015	Flags	country-flag	flag: Solomon Islands
\x{23CF FE0F}	1512	⏏️	2015	Symbols	av-symbol	eject button
\x{1F1EB 1F1F0}	1513	🇫🇰	2015	Flags	country-flag	flag: Falkland Islands
\x{1F201}	1514	🈁	2010	Symbols	alphanum	Japanese “here” button
\x{1F1F0 1F1EE}	1515	🇰🇮	2015	Flags	country-flag	flag: Kiribati
\x{1F1F5 1F1EC}	1516	🇵🇬	2015	Flags	country-flag	flag: Papua New Guinea
\x{1F1F8 1F1FD}	1517	🇸🇽	2015	Flags	country-flag	flag: Sint Maarten
\x{1F1F9 1F1EB}	1518	🇹🇫	2015	Flags	country-flag	flag: French Southern Territories
\x{1F1EB 1F1F4}	1519	🇫🇴	2015	Flags	country-flag	flag: Faroe Islands
\x{1F468 200D 1F468 200D 1F467 200D 1F467}	1520	👨‍👨‍👧‍👧	2015	People & Body	family	family: man, man, girl, girl
\x{1F1EC 1F1F6}	1521	🇬🇶	2015	Flags	country-flag	flag: Equatorial Guinea
\x{1F1EF 1F1EA}	1522	🇯🇪	2015	Flags	country-flag	flag: Jersey
\x{1F1EC 1F1EE}	1523	🇬🇮	2015	Flags	country-flag	flag: Gibraltar
\x{1F1EC 1F1F8}	1524	🇬🇸	2015	Flags	country-flag	flag: South Georgia & South Sandwich Islands
\x{1F469 200D 1F469 200D 1F466 200D 1F466}	1525	👩‍👩‍👦‍👦	2015	People & Body	family	family: woman, woman, boy, boy
\x{1F1E8 1F1FC}	1526	🇨🇼	2015	Flags	country-flag	flag: Curaçao
\x{1F1F2 1F1FC}	1527	🇲🇼	2015	Flags	country-flag	flag: Malawi
\x{1F1F5 1F1FC}	1528	🇵🇼	2015	Flags	country-flag	flag: Palau
\x{1F1F2 1F1F8}	1529	🇲🇸	2015	Flags	country-flag	flag: Montserrat
\x{1F1F1 1F1EE}	1530	🇱🇮	2015	Flags	country-flag	flag: Liechtenstein
\x{1F1F2 1F1ED}	1531	🇲🇭	2015	Flags	country-flag	flag: Marshall Islands
\x{1F1EC 1F1EB}	1532	🇬🇫	2015	Flags	country-flag	flag: French Guiana
\x{1F1F8 1F1ED}	1533	🇸🇭	2015	Flags	country-flag	flag: St. Helena
\x{1F1E8 1F1FD}	1534	🇨🇽	2015	Flags	country-flag	flag: Christmas Island
\x{1F1F5 1F1F3}	1535	🇵🇳	2015	Flags	country-flag	flag: Pitcairn Islands
\x{1F1E9 1F1EC}	1536	🇩🇬	2015	Flags	country-flag	flag: Diego Garcia
\x{1F1F3 1F1FA}	1537	🇳🇺	2015	Flags	country-flag	flag: Niue
\x{1F1F3 1F1E8}	1538	🇳🇨	2015	Flags	country-flag	flag: New Caledonia
\x{1F1F5 1F1EB}	1539	🇵🇫	2015	Flags	country-flag	flag: French Polynesia
\x{1F1F0 1F1FE}	1540	🇰🇾	2015	Flags	country-flag	flag: Cayman Islands
\x{1F9B1}	1541	🦱	2018	Component	hair-style	curly hair
\x{1F468 200D 1F467 200D 1F467}	1542	👨‍👧‍👧	2016	People & Body	family	family: man, girl, girl
\x{1F1F5 1F1F2}	1543	🇵🇲	2015	Flags	country-flag	flag: St. Pierre & Miquelon
\x{1F1F2 1F1F5}	1544	🇲🇵	2015	Flags	country-flag	flag: Northern Mariana Islands
\x{1F1F3 1F1F7}	1545	🇳🇷	2015	Flags	country-flag	flag: Nauru
\x{1F1F2 1F1F6}	1546	🇲🇶	2015	Flags	country-flag	flag: Martinique
\x{1F1EC 1F1F5}	1547	🇬🇵	2015	Flags	country-flag	flag: Guadeloupe
\x{1F9B2}	1548	🦲	2018	Component	hair-style	bald
\x{1F9B3}	1549	🦳	2018	Component	hair-style	white hair
